"0","","《<SPOT 931>》の傍にある、大きな滝に
面した広場。地名の由来は滝に虹がかかる
ことからという説の他に、色鮮やかな鳥達が
辺りを舞うからだという説もある","《<SPOT 931>》の傍にある、大きな滝に
面した広場。地名の由来は滝に虹がかかる
ことからという説の他に、色鮮やかな鳥達が
辺りを舞うからだという説もある","ui\00_message\loading\loading_message_014.gmd","\ui\00_message\loading\loading_message_014.arc","loading_message_014.arc","3","","Loading Screen"
"0","","フィンダム大陸中部に広がる平原
起伏が多いフィンダムにおいて、ファーラナ平原は
なだらかで活用しやすい地形をしている
また、他の地域と比較すると侵食の度合は
緩やかなようで侵食魔の数も少ない","フィンダム大陸中部に広がる平原
起伏が多いフィンダムにおいて、ファーラナ平原は
なだらかで活用しやすい地形をしている
また、他の地域と比較すると侵食の度合は
緩やかなようで侵食魔の数も少ない","ui\00_message\loading\loading_message_015.gmd","\ui\00_message\loading\loading_message_015.arc","loading_message_015.arc","0","","Loading Screen"
"0","","ファーラナ平原に位置する戦士の村
武勇を最も尊ぶ部族が住まい、住人たちは
日々鍛錬と戦いに明け暮れている
力に裏付けされてか、地理的な理由に寄るものか
比較的侵食の影響を受けずに生活している","ファーラナ平原に位置する戦士の村
武勇を最も尊ぶ部族が住まい、住人たちは
日々鍛錬と戦いに明け暮れている
力に裏付けされてか、地理的な理由に寄るものか
比較的侵食の影響を受けずに生活している","ui\00_message\loading\loading_message_015.gmd","\ui\00_message\loading\loading_message_015.arc","loading_message_015.arc","1","","Loading Screen"
"0","","かつてはフィンダム中から学者たちが集う学研の場で
あった小塔。魔物の襲撃を受けて放棄されたのち
ピクシーの大きな群れが移住した。位の高い
ピクシーは高所を好むため、小塔の上階には群れ
の長もしくは準ずる個体が生息していると思われる","かつてはフィンダム中から学者たちが集う学研の場で
あった小塔。魔物の襲撃を受けて放棄されたのち
ピクシーの大きな群れが移住した。位の高い
ピクシーは高所を好むため、小塔の上階には群れ
の長もしくは準ずる個体が生息していると思われる","ui\00_message\loading\loading_message_015.gmd","\ui\00_message\loading\loading_message_015.arc","loading_message_015.arc","2","","Loading Screen"
"0","","ファーラナ平原の川中に浮かぶ陸地
周辺は水深が浅く、水没してはいるものの
歩き回ることが可能。ただし、汚泥が流れ着く
ことも多いらしく、不浄の魔物がさ迷っている
こともある","ファーラナ平原の川中に浮かぶ陸地
周辺は水深が浅く、水没してはいるものの
歩き回ることが可能。ただし、汚泥が流れ着く
ことも多いらしく、不浄の魔物がさ迷っている
こともある","ui\00_message\loading\loading_message_015.gmd","\ui\00_message\loading\loading_message_015.arc","loading_message_015.arc","3","","Loading Screen"
"0","","《芯なる樹》の最深部
侵食による影響が出るまでは、精霊竜との
謁見などはこの場所で行われていた
精霊竜の守りとして選ばれた者たちが控えていた
集いの間と隣接している","《芯なる樹》の最深部
侵食による影響が出るまでは、精霊竜との
謁見などはこの場所で行われていた
精霊竜の守りとして選ばれた者たちが控えていた
集いの間と隣接している","ui\00_message\loading\loading_message_015.gmd","\ui\00_message\loading\loading_message_015.arc","loading_message_015.arc","4","","Loading Screen"
"0","","精霊竜が棲む《始まりの洞》下層に位置する拠点
精霊竜の守りをする者たちや訪れた人々が
暫しの休息を得るための場となっている","精霊竜が棲む《始まりの洞》下層に位置する拠点
精霊竜の守りをする者たちや訪れた人々が
暫しの休息を得るための場となっている","ui\00_message\loading\loading_message_015.gmd","\ui\00_message\loading\loading_message_015.arc","loading_message_015.arc","5","","Loading Screen"
"0","","フィンダム随一の森林地帯
樹木や草花、多様な獣といった森の恩恵を
受けられるこの地の特性は、反面侵食の影響が
最も色濃く発現する悲劇を招いた。生命力に
溢れていた森は今や赤く立ち枯れている箇所が目立つ","フィンダム随一の森林地帯
樹木や草花、多様な獣といった森の恩恵を
受けられるこの地の特性は、反面侵食の影響が
最も色濃く発現する悲劇を招いた。生命力に
溢れていた森は今や赤く立ち枯れている箇所が目立つ","ui\00_message\loading\loading_message_016.gmd","\ui\00_message\loading\loading_message_016.arc","loading_message_016.arc","0","","Loading Screen"
"0","","モロー樹林にある、木々に囲まれた村
代々精霊竜の守りをしてきた一族が住まう
そのせいか理知的な者が多く、学者を多数
輩出してきた。威厳ある族長・ガラダに
よって統治されている","モロー樹林にある、木々に囲まれた村
代々精霊竜の守りをしてきた一族が住まう
そのせいか理知的な者が多く、学者を多数
輩出してきた。威厳ある族長・ガラダに
よって統治されている","ui\00_message\loading\loading_message_016.gmd","\ui\00_message\loading\loading_message_016.arc","loading_message_016.arc","1","","Loading Screen"
"0","","《ノーザナス侵林》入口のある崖の下に
広がる平地。封鎖されている侵林に
引き寄せられているのか、侵食が進んだ
有翼の魔物たちがしきりにこの辺りを
さまよう姿が確認されている","《ノーザナス侵林》入口のある崖の下に
広がる平地。封鎖されている侵林に
引き寄せられているのか、侵食が進んだ
有翼の魔物たちがしきりにこの辺りを
さまよう姿が確認されている","ui\00_message\loading\loading_message_016.gmd","\ui\00_message\loading\loading_message_016.arc","loading_message_016.arc","2","","Loading Screen"
"0","","モロー樹林北部、特に侵食が進んだ一帯にある
封鎖された森林。侵食前より森の強者が棲むとされ、
人が迷いこむことが無いようにと封鎖されていた場所
奥を確かめた者はいないが、凶暴な魔物が侵食された
状態にあることは確実であり、危険度は高い","モロー樹林北部、特に侵食が進んだ一帯にある
封鎖された森林。侵食前より森の強者が棲むとされ、
人が迷いこむことが無いようにと封鎖されていた場所
奥を確かめた者はいないが、凶暴な魔物が侵食された
状態にあることは確実であり、危険度は高い","ui\00_message\loading\loading_message_016.gmd","\ui\00_message\loading\loading_message_016.arc","loading_message_016.arc","3","","Loading Screen"
"0","","細長くうねった川と切り立った崖で構成された峡谷
古代からの遺跡が多くのこる地域であり、文化的に
重要な地帯である。この辺りに住む人々も、伝承や
習慣などを重視した生活を送る傾向にある","細長くうねった川と切り立った崖で構成された峡谷
古代からの遺跡が多くのこる地域であり、文化的に
重要な地帯である。この辺りに住む人々も、伝承や
習慣などを重視した生活を送る傾向にある","ui\00_message\loading\loading_message_017.gmd","\ui\00_message\loading\loading_message_017.arc","loading_message_017.arc","0","","Loading Screen"
"0","","キンガル峡谷に位置する村
近くに多数のこる遺跡や神殿などの古代文明に
畏怖の念を抱き、古くからの伝統や伝承などを
現在に伝え継いできた一族が住んでいる
村の掟として、村人が遺跡に近づくことを禁じている","キンガル峡谷に位置する村
近くに多数のこる遺跡や神殿などの古代文明に
畏怖の念を抱き、古くからの伝統や伝承などを
現在に伝え継いできた一族が住んでいる
村の掟として、村人が遺跡に近づくことを禁じている","ui\00_message\loading\loading_message_017.gmd","\ui\00_message\loading\loading_message_017.arc","loading_message_017.arc","1","","Loading Screen"
"0","","キンガル峡谷に悠然と佇む古代神殿
数百年前に遺棄されたものの、当時満ち満ちていた
竜力によって未だ壮麗な姿をそのままにしている
遺棄された理由は、恐らく精霊竜自身が神殿よりも
《芯なる樹》の傍にあることを好んだためだろう","キンガル峡谷に悠然と佇む古代神殿
数百年前に遺棄されたものの、当時満ち満ちていた
竜力によって未だ壮麗な姿をそのままにしている
遺棄された理由は、恐らく精霊竜自身が神殿よりも
《芯なる樹》の傍にあることを好んだためだろう","ui\00_message\loading\loading_message_017.gmd","\ui\00_message\loading\loading_message_017.arc","loading_message_017.arc","2","","Loading Screen"
"0","","元々はフィンダムの大地へ、そして竜のために季節
ごとの舞踊が奉納されていた広場。侵食によって
フィンダム全域での危険度が増したことでこれらの
行事は中止され、以来本来の使い方をされることは
無くなった","元々はフィンダムの大地へ、そして竜のために季節
ごとの舞踊が奉納されていた広場。侵食によって
フィンダム全域での危険度が増したことでこれらの
行事は中止され、以来本来の使い方をされることは
無くなった","ui\00_message\loading\loading_message_017.gmd","\ui\00_message\loading\loading_message_017.arc","loading_message_017.arc","3","","Loading Screen"
"0","","600年ほど前に建造された砦
アッカー家が並み居る地方豪族を倒して
大陸統一を果たした後に、対オーク用に強化されて
現在に至る。長く役目を果たしていたが""悪しき竜""
出現直後にオーク軍に占拠された","600年ほど前に建造された砦
アッカー家が並み居る地方豪族を倒して
大陸統一を果たした後に、対オーク用に強化されて
現在に至る。長く役目を果たしていたが""悪しき竜""
出現直後にオーク軍に占拠された","ui\00_message\loading\loading_message_018.gmd","\ui\00_message\loading\loading_message_018.arc","loading_message_018.arc","0","","Loading Screen"
"0","","解放軍が拠点として使っている小さな集落
元はきこりが使っていたらしき空き家を中心に、
逃げ延びた人たちがテントを張って暮らしているが
いつオークに攻め込まれるかわからない状況にある","解放軍が拠点として使っている小さな集落
元はきこりが使っていたらしき空き家を中心に、
逃げ延びた人たちがテントを張って暮らしているが
いつオークに攻め込まれるかわからない状況にある","ui\00_message\loading\loading_message_018.gmd","\ui\00_message\loading\loading_message_018.arc","loading_message_018.arc","1","","Loading Screen"
"0","","翡翠湖を臨む、長くロスギル家が治める地方の中心地
魔物が多い地帯ならではの重装家屋が見られる
王族アッカー家から一帯の守護を任されてきた
ロスギル家の末裔を長に頂き、忠誠心に篤い人々が
暮らしている","翡翠湖を臨む、長くロスギル家が治める地方の中心地
魔物が多い地帯ならではの重装家屋が見られる
王族アッカー家から一帯の守護を任されてきた
ロスギル家の末裔を長に頂き、忠誠心に篤い人々が
暮らしている","ui\00_message\loading\loading_message_018.gmd","\ui\00_message\loading\loading_message_018.arc","loading_message_018.arc","2","","Loading Screen"
"0","","かつては蛮族の地と呼ばれた南部地方に睨みを
きかせる要衝として建造された
アッカーシェラン大陸ではメガド離宮、王都メガドに
次いで古い建造物。城主はアッカー家の当主だが
実質的な管理者である""城番""は兵士が就くことが
できる最高位とされている","かつては蛮族の地と呼ばれた南部地方に睨みを
きかせる要衝として建造された
アッカーシェラン大陸ではメガド離宮、王都メガドに
次いで古い建造物。城主はアッカー家の当主だが
実質的な管理者である""城番""は兵士が就くことが
できる最高位とされている","ui\00_message\loading\loading_message_019.gmd","\ui\00_message\loading\loading_message_019.arc","loading_message_019.arc","0","","Loading Screen"
"0","","戦禍を逃れてきた人たちが、森の中で
息を潜めるように、しかししたたかに支え合って
暮らしている非常に小さな集落
避難民の中に統率力に優れる者がいるらしく
今のところ比較的安定した生活を送っている","戦禍を逃れてきた人たちが、森の中で
息を潜めるように、しかししたたかに支え合って
暮らしている非常に小さな集落
避難民の中に統率力に優れる者がいるらしく
今のところ比較的安定した生活を送っている","ui\00_message\loading\loading_message_019.gmd","\ui\00_message\loading\loading_message_019.arc","loading_message_019.arc","1","","Loading Screen"
"0","","アッカー家が南西方面からの敵を迎え撃つために
建造した砦。""悪しき竜""が現れてからは魔軍の拠点
として使われている。オークたちが西方で集めた
食料や物資の集積場と考えられており、周辺には
防衛点が点在している","アッカー家が南西方面からの敵を迎え撃つために
建造した砦。""悪しき竜""が現れてからは魔軍の拠点
として使われている。オークたちが西方で集めた
食料や物資の集積場と考えられており、周辺には
防衛点が点在している","ui\00_message\loading\loading_message_019.gmd","\ui\00_message\loading\loading_message_019.arc","loading_message_019.arc","2","","Loading Screen"
"0","","メガド周辺を警備する目的で使われる監視塔
すでに地上階は魔軍により占拠されているが
魔物たちは地下階の存在には気付かなかったようだ
地下階には、メガド陥落の折に逃げ延びた兵士たちが
救援を信じ、息を殺すように潜んでいる","メガド周辺を警備する目的で使われる監視塔
すでに地上階は魔軍により占拠されているが
魔物たちは地下階の存在には気付かなかったようだ
地下階には、メガド陥落の折に逃げ延びた兵士たちが
救援を信じ、息を殺すように潜んでいる","ui\00_message\loading\loading_message_020.gmd","\ui\00_message\loading\loading_message_020.arc","loading_message_020.arc","0","","Loading Screen"
"0","","城塞都市メガドにて一般市民が住まう居住層
メガド全体から見ると下層にあたり、大陸の人口の
過半数が暮らしていた
長きに渡り繁栄を誇っていたが、魔軍の急襲に
よって蹂躙され、多くの住民が命を落とした","城塞都市メガドにて一般市民が住まう居住層
メガド全体から見ると下層にあたり、大陸の人口の
過半数が暮らしていた
長きに渡り繁栄を誇っていたが、魔軍の急襲に
よって蹂躙され、多くの住民が命を落とした","ui\00_message\loading\loading_message_020.gmd","\ui\00_message\loading\loading_message_020.arc","loading_message_020.arc","1","","Loading Screen"
"0","","霧の森の中にある焼け野原
忌まわしい考えに取り付かれたある女が
多数の犠牲者を洗脳し、自ら炎の中へと
飛び込ませたという事件が起こった場所
事件から何十年と経過しているが、未だに
土は焼けたままであり草木も回復していない","霧の森の中にある焼け野原
忌まわしい考えに取り付かれたある女が
多数の犠牲者を洗脳し、自ら炎の中へと
飛び込ませたという事件が起こった場所
事件から何十年と経過しているが、未だに
土は焼けたままであり草木も回復していない","ui\00_message\loading\loading_message_020.gmd","\ui\00_message\loading\loading_message_020.arc","loading_message_020.arc","2","","Loading Screen"
"0","","アッカーシェラン大陸の南部にアジトを構え
定住しつつ活動するベルタ盗賊団とは異なり
通称""北の盗賊""と呼ばれる彼らは、一定期間ごとに
アジトを変えて活動している。その姿勢からも
わかる通り、警戒心が強く、自らの存在を徹底的に
隠す傾向にある","アッカーシェラン大陸の南部にアジトを構え
定住しつつ活動するベルタ盗賊団とは異なり
通称""北の盗賊""と呼ばれる彼らは、一定期間ごとに
アジトを変えて活動している。その姿勢からも
わかる通り、警戒心が強く、自らの存在を徹底的に
隠す傾向にある","ui\00_message\loading\loading_message_021.gmd","\ui\00_message\loading\loading_message_021.arc","loading_message_021.arc","0","","Loading Screen"
"0","","《聖炎の参竜道》へと続く扉の前に
急きょ設営された野営地。厳しいウルテカ山岳の
環境に負けず、宿やよろず屋といった覚者隊のための
設備を維持すべく、王家に仕える兵のみならず
盗賊も手を貸している","《聖炎の参竜道》へと続く扉の前に
急きょ設営された野営地。厳しいウルテカ山岳の
環境に負けず、宿やよろず屋といった覚者隊のための
設備を維持すべく、王家に仕える兵のみならず
盗賊も手を貸している","ui\00_message\loading\loading_message_021.gmd","\ui\00_message\loading\loading_message_021.arc","loading_message_021.arc","1","","Loading Screen"
"0","","本来はアッカーシェランを統べる火竜が休息を
取るための場であり、聖なる場所と目されていたが
今は悪しき竜が成り変わるかのようにねぐらとして
いる。火垂れ山の中でも最も多くの竜力が
集まる場とみなされている","本来はアッカーシェランを統べる火竜が休息を
取るための場であり、聖なる場所と目されていたが
今は悪しき竜が成り変わるかのようにねぐらとして
いる。火垂れ山の中でも最も多くの竜力が
集まる場とみなされている","ui\00_message\loading\loading_message_021.gmd","\ui\00_message\loading\loading_message_021.arc","loading_message_021.arc","2","","Loading Screen"
"0","","戦徒リュカによって導かれた先の島の入り江
空には常に暗雲が厚く漂い、島の位置はおろか
現在の時間すら推し量ることができない
岩場の険しさや荒れ果てた様子から、生者が
居ないことだけは確かなようだ","戦徒リュカによって導かれた先の島の入り江
空には常に暗雲が厚く漂い、島の位置はおろか
現在の時間すら推し量ることができない
岩場の険しさや荒れ果てた様子から、生者が
居ないことだけは確かなようだ","ui\00_message\loading\loading_message_024.gmd","\ui\00_message\loading\loading_message_024.arc","loading_message_024.arc","0","","Loading Screen"
"0","MANDRAGORA_SPECIES_INFO_1","産まれたばかりのマンドラゴラ
頭部は柔らかく様々な植物の種が付着しており
吸収する養分によって異なる植物が発芽する
同様に個体の性格や特性も変化することがあり
養分と進化の関係は未だ未解明の部分が多い","産まれたばかりのマンドラゴラ
頭部は柔らかく様々な植物の種が付着しており
吸収する養分によって異なる植物が発芽する
同様に個体の性格や特性も変化することがあり
養分と進化の関係は未だ未解明の部分が多い","ui\00_message\mandragora\mandragora_species_info.gmd","\ui\uGUIEncyclopedia.arc","uGUIEncyclopedia.arc","0","","Mandragora Info"
"1","MANDRAGORA_SPECIES_INFO_2","最も基本的な成長を遂げたマンドラゴラ
古代文献によると祖先は危険性の高い植物
だったが、古代人が長い年月と多くの犠牲を
払い改良した結果、狂気の叫喚と引き換えに
活動的な手足と人懐こさを得たのだという","最も基本的な成長を遂げたマンドラゴラ
古代文献によると祖先は危険性の高い植物
だったが、古代人が長い年月と多くの犠牲を
払い改良した結果、狂気の叫喚と引き換えに
活動的な手足と人懐こさを得たのだという","ui\00_message\mandragora\mandragora_species_info.gmd","\ui\uGUIEncyclopedia.arc","uGUIEncyclopedia.arc","1","","Mandragora Info"
"2","MANDRAGORA_SPECIES_INFO_3","栄養の偏りにより
花を咲かせず成長したマンドラゴラ
この生育状態の個体は丈夫で世話もしやすく
エランの村では親が子供の遊び相手として
与えることも多かったという","栄養の偏りにより
花を咲かせず成長したマンドラゴラ
この生育状態の個体は丈夫で世話もしやすく
エランの村では親が子供の遊び相手として
与えることも多かったという","ui\00_message\mandragora\mandragora_species_info.gmd","\ui\uGUIEncyclopedia.arc","uGUIEncyclopedia.arc","2","","Mandragora Info"
"3","MANDRAGORA_SPECIES_INFO_4","固有種の花を咲かせたマンドラゴラ
フィンダムの大地を離れた場所で成長すると
本来の花色である白が強く発色される
かつてエランにいたマンドラゴラ愛好家たちは
この状態から様々な花色の栽培を始めていた","固有種の花を咲かせたマンドラゴラ
フィンダムの大地を離れた場所で成長すると
本来の花色である白が強く発色される
かつてエランにいたマンドラゴラ愛好家たちは
この状態から様々な花色の栽培を始めていた","ui\00_message\mandragora\mandragora_species_info.gmd","\ui\uGUIEncyclopedia.arc","uGUIEncyclopedia.arc","3","","Mandragora Info"
"4","MANDRAGORA_SPECIES_INFO_5","フィンダム固有種の花を咲かせたマンドラゴラ
野生のマンドラゴラは、大地に染み込んだ
""芯なる樹""の樹液により青い花が
咲きやすいが、原生地以外の土地で
育った個体に青色の花が咲くことは非常に稀","フィンダム固有種の花を咲かせたマンドラゴラ
野生のマンドラゴラは、大地に染み込んだ
""芯なる樹""の樹液により青い花が
咲きやすいが、原生地以外の土地で
育った個体に青色の花が咲くことは非常に稀","ui\00_message\mandragora\mandragora_species_info.gmd","\ui\uGUIEncyclopedia.arc","uGUIEncyclopedia.arc","4","","Mandragora Info"
"5","MANDRAGORA_SPECIES_INFO_6","フィンダム固有種の花を咲かせたマンドラゴラ
マンドラゴラの赤い花は、恋の花として知られ
フィンダムの若者たちの間で特に人気があった
赤色の花は自然界にはほぼ存在しないため
養根家というブリーダーにより栽培されている","フィンダム固有種の花を咲かせたマンドラゴラ
マンドラゴラの赤い花は、恋の花として知られ
フィンダムの若者たちの間で特に人気があった
赤色の花は自然界にはほぼ存在しないため
養根家というブリーダーにより栽培されている","ui\00_message\mandragora\mandragora_species_info.gmd","\ui\uGUIEncyclopedia.arc","uGUIEncyclopedia.arc","5","","Mandragora Info"
"6","MANDRAGORA_SPECIES_INFO_7","フィンダム固有種の花を咲かせたマンドラゴラ
追肥の微かな偏りによって咲くことが多い
一部の地域では黄色は陽の加護色とされ
本種を飼ったり黄マンドラフラワーを髪飾りに
するなどの、お守り植物として愛されていた","フィンダム固有種の花を咲かせたマンドラゴラ
追肥の微かな偏りによって咲くことが多い
一部の地域では黄色は陽の加護色とされ
本種を飼ったり黄マンドラフラワーを髪飾りに
するなどの、お守り植物として愛されていた","ui\00_message\mandragora\mandragora_species_info.gmd","\ui\uGUIEncyclopedia.arc","uGUIEncyclopedia.arc","6","","Mandragora Info"
"7","MANDRAGORA_SPECIES_INFO_8","フィンダム固有種の花を咲かせたマンドラゴラ
花としては育ちきっているため、この段階から
花色が変化する可能性は無いとされる
フィンダムでの価値は低いが、白竜の治める
レスタニアにおいては最も注目度が高い","フィンダム固有種の花を咲かせたマンドラゴラ
花としては育ちきっているため、この段階から
花色が変化する可能性は無いとされる
フィンダムでの価値は低いが、白竜の治める
レスタニアにおいては最も注目度が高い","ui\00_message\mandragora\mandragora_species_info.gmd","\ui\uGUIEncyclopedia.arc","uGUIEncyclopedia.arc","7","","Mandragora Info"
"8","MANDRAGORA_SPECIES_INFO_9","フィンダム固有種の花が群生したマンドラゴラ
マンドラゴラの花の青色はフィンドブルーと
呼ばれ、格別に重宝されていた
""芯なる樹""の特に濃厚な樹液を吸収した
個体のみが、青く美しい花を群生させる","フィンダム固有種の花が群生したマンドラゴラ
マンドラゴラの花の青色はフィンドブルーと
呼ばれ、格別に重宝されていた
""芯なる樹""の特に濃厚な樹液を吸収した
個体のみが、青く美しい花を群生させる","ui\00_message\mandragora\mandragora_species_info.gmd","\ui\uGUIEncyclopedia.arc","uGUIEncyclopedia.arc","8","","Mandragora Info"
"9","MANDRAGORA_SPECIES_INFO_10","フィンダム固有種の花が群生したマンドラゴラ
養分豊富でなければ進化の難しい希少種
婚前の娘の家でマンドラゴラがこの種に
進化すると、精霊の祝福を受けたことになり
一族は末永く幸福を得るという","フィンダム固有種の花が群生したマンドラゴラ
養分豊富でなければ進化の難しい希少種
婚前の娘の家でマンドラゴラがこの種に
進化すると、精霊の祝福を受けたことになり
一族は末永く幸福を得るという","ui\00_message\mandragora\mandragora_species_info.gmd","\ui\uGUIEncyclopedia.arc","uGUIEncyclopedia.arc","9","","Mandragora Info"
"10","MANDRAGORA_SPECIES_INFO_11","フィンダム固有種の花が群生したマンドラゴラ
有機成分の多い土で進化することの多い種
黄花はモスが集まるため、衣類素材には適さず
粗悪な養根家が誤って進化させた本種を
エラン水林に大量遺棄する事件もあった","フィンダム固有種の花が群生したマンドラゴラ
有機成分の多い土で進化することの多い種
黄花はモスが集まるため、衣類素材には適さず
粗悪な養根家が誤って進化させた本種を
エラン水林に大量遺棄する事件もあった","ui\00_message\mandragora\mandragora_species_info.gmd","\ui\uGUIEncyclopedia.arc","uGUIEncyclopedia.arc","10","","Mandragora Info"
"11","MANDRAGORA_SPECIES_INFO_12","フィンダム固有種の花が群生したマンドラゴラ
マンドラゴラフラワー属の最成長した姿で
花が枯れると、根部に新たな種が４つ作られる
古い種の落ちる瞬間を見ると眼病を患うという
伝承もあるが実際は不気味なだけで無害である","フィンダム固有種の花が群生したマンドラゴラ
マンドラゴラフラワー属の最成長した姿で
花が枯れると、根部に新たな種が４つ作られる
古い種の落ちる瞬間を見ると眼病を患うという
伝承もあるが実際は不気味なだけで無害である","ui\00_message\mandragora\mandragora_species_info.gmd","\ui\uGUIEncyclopedia.arc","uGUIEncyclopedia.arc","11","","Mandragora Info"
"12","MANDRAGORA_SPECIES_INFO_13","胞子が付着し、キノコを成したマンドラゴラ
マンドラゴラの頭皮はクッション状で厚く
侵食胞子の根が脳まで届くことはない
菌を青く発色させるための肥料は希少なため
同系種の中でも特に価値が高い","胞子が付着し、キノコを成したマンドラゴラ
マンドラゴラの頭皮はクッション状で厚く
侵食胞子の根が脳まで届くことはない
菌を青く発色させるための肥料は希少なため
同系種の中でも特に価値が高い","ui\00_message\mandragora\mandragora_species_info.gmd","\ui\uGUIEncyclopedia.arc","uGUIEncyclopedia.arc","12","","Mandragora Info"
"13","MANDRAGORA_SPECIES_INFO_14","胞子が付着し、キノコを成したマンドラゴラ
キノコ部分は猛毒が含まれているが
適切に処理することで、精力剤の原料にもなる
鮮やかな赤い傘は、観賞用として残す愛好家も
いるが、多くの場合は切り取って処分される","胞子が付着し、キノコを成したマンドラゴラ
キノコ部分は猛毒が含まれているが
適切に処理することで、精力剤の原料にもなる
鮮やかな赤い傘は、観賞用として残す愛好家も
いるが、多くの場合は切り取って処分される","ui\00_message\mandragora\mandragora_species_info.gmd","\ui\uGUIEncyclopedia.arc","uGUIEncyclopedia.arc","13","","Mandragora Info"
"14","MANDRAGORA_SPECIES_INFO_15","胞子が付着し、キノコを成したマンドラゴラ
キノコ部分には、強力な幻覚作用があり
病気などの鎮痛用ハーブに混ぜて使用される
比較的容易に育てられるため
狩りで使用する毒餌に入れることもある","胞子が付着し、キノコを成したマンドラゴラ
キノコ部分には、強力な幻覚作用があり
病気などの鎮痛用ハーブに混ぜて使用される
比較的容易に育てられるため
狩りで使用する毒餌に入れることもある","ui\00_message\mandragora\mandragora_species_info.gmd","\ui\uGUIEncyclopedia.arc","uGUIEncyclopedia.arc","14","","Mandragora Info"
"15","MANDRAGORA_SPECIES_INFO_16","胞子が付着し、キノコを成したマンドラゴラ
モスの幼虫にキノコが寄生したものは
滋養強壮に良いハーブとして重宝されているが
生きたマンドラゴラに寄生することもある
与えた肥料の成分はキノコ部分に蓄えられる","胞子が付着し、キノコを成したマンドラゴラ
モスの幼虫にキノコが寄生したものは
滋養強壮に良いハーブとして重宝されているが
生きたマンドラゴラに寄生することもある
与えた肥料の成分はキノコ部分に蓄えられる","ui\00_message\mandragora\mandragora_species_info.gmd","\ui\uGUIEncyclopedia.arc","uGUIEncyclopedia.arc","15","","Mandragora Info"
"16","MANDRAGORA_SPECIES_INFO_17","侵食胞子によるキノコが群生したマンドラゴラ
フィンダーエントの足元で発生することが
観測されており、成長には樹液が関係している
凝縮された竜力とエランの天然水成分は
生物が摂取するには強過ぎるため、毒である","侵食胞子によるキノコが群生したマンドラゴラ
フィンダーエントの足元で発生することが
観測されており、成長には樹液が関係している
凝縮された竜力とエランの天然水成分は
生物が摂取するには強過ぎるため、毒である","ui\00_message\mandragora\mandragora_species_info.gmd","\ui\uGUIEncyclopedia.arc","uGUIEncyclopedia.arc","16","","Mandragora Info"
"17","MANDRAGORA_SPECIES_INFO_18","侵食胞子によるキノコが群生したマンドラゴラ
赤いキノコは""ゲキリンタケ""と呼ばれており
竜の逆鱗のように触れてはいけないものとされ
素手で触れば燃えるような痛みに襲われる
地温の高い、火山地帯に発生しやすいという","侵食胞子によるキノコが群生したマンドラゴラ
赤いキノコは""ゲキリンタケ""と呼ばれており
竜の逆鱗のように触れてはいけないものとされ
素手で触れば燃えるような痛みに襲われる
地温の高い、火山地帯に発生しやすいという","ui\00_message\mandragora\mandragora_species_info.gmd","\ui\uGUIEncyclopedia.arc","uGUIEncyclopedia.arc","17","","Mandragora Info"
"18","MANDRAGORA_SPECIES_INFO_19","侵食胞子によるキノコが群生したマンドラゴラ
頭部のキノコは、水浴び場や調理場にも発生し
フィンダムの一般家庭では駆除対象である
基本的な養分さえあればどこでも育つため
マンドラゴラ栽培により収穫されることが多い","侵食胞子によるキノコが群生したマンドラゴラ
頭部のキノコは、水浴び場や調理場にも発生し
フィンダムの一般家庭では駆除対象である
基本的な養分さえあればどこでも育つため
マンドラゴラ栽培により収穫されることが多い","ui\00_message\mandragora\mandragora_species_info.gmd","\ui\uGUIEncyclopedia.arc","uGUIEncyclopedia.arc","18","","Mandragora Info"
"19","MANDRAGORA_SPECIES_INFO_20","侵食胞子によるキノコが群生したマンドラゴラ
マンドラゴラの頭皮は菌の温床にもなりやすく
その性質を利用したキノコ栽培法も存在する
マンドラゴラキノコを上手く群生させるには、
豊富な原菌と十分な湿度が不可欠である","侵食胞子によるキノコが群生したマンドラゴラ
マンドラゴラの頭皮は菌の温床にもなりやすく
その性質を利用したキノコ栽培法も存在する
マンドラゴラキノコを上手く群生させるには、
豊富な原菌と十分な湿度が不可欠である","ui\00_message\mandragora\mandragora_species_info.gmd","\ui\uGUIEncyclopedia.arc","uGUIEncyclopedia.arc","19","","Mandragora Info"
"20","MANDRAGORA_SPECIES_INFO_21","固有種の花を咲かせたマンドラゴラ
マンドラフラワーの発色は、肥料から吸収する
色素の他に土壌の状態にも左右される
無機・有機成分のバランスを保つことで
珍しい色の花を発見しやすいという","固有種の花を咲かせたマンドラゴラ
マンドラフラワーの発色は、肥料から吸収する
色素の他に土壌の状態にも左右される
無機・有機成分のバランスを保つことで
珍しい色の花を発見しやすいという","ui\00_message\mandragora\mandragora_species_info.gmd","\ui\uGUIEncyclopedia.arc","uGUIEncyclopedia.arc","20","","Mandragora Info"
"21","MANDRAGORA_SPECIES_INFO_22","固有種の花を群生させたマンドラゴラ
マンドラフラワーの色変化は非常に繊細で
マンドラブーケ種の全ての花を均一な色味に
育てることは難しく、特に紫など非原色系の
花は色がぶれやすいため高い技術が必要である","固有種の花を群生させたマンドラゴラ
マンドラフラワーの色変化は非常に繊細で
マンドラブーケ種の全ての花を均一な色味に
育てることは難しく、特に紫など非原色系の
花は色がぶれやすいため高い技術が必要である","ui\00_message\mandragora\mandragora_species_info.gmd","\ui\uGUIEncyclopedia.arc","uGUIEncyclopedia.arc","21","","Mandragora Info"
"22","MANDRAGORA_SPECIES_INFO_23","異国の落葉樹が生えたマンドラゴラ
雑多な種子らの中から芽生えた異国の苗木は
種子から推定すると花を持つ落葉樹と思われる
この樹木は豊富な有機肥料と無機肥料そして
時折の水分補給によって美しく開花するという","異国の落葉樹が生えたマンドラゴラ
雑多な種子らの中から芽生えた異国の苗木は
種子から推定すると花を持つ落葉樹と思われる
この樹木は豊富な有機肥料と無機肥料そして
時折の水分補給によって美しく開花するという","ui\00_message\mandragora\mandragora_species_info.gmd","\ui\uGUIEncyclopedia.arc","uGUIEncyclopedia.arc","22","","Mandragora Info"
"23","MANDRAGORA_SPECIES_INFO_24","異国の樹花を咲かせたマンドラゴラ
花芽の生育期には水を豊富に与え、邪魔な枝を
剪定することで満開の花を咲かせることできる
この樹花を持つマンドラゴラはその花や香りで
周囲の生き物の心を和ませ、穏やかにする","異国の樹花を咲かせたマンドラゴラ
花芽の生育期には水を豊富に与え、邪魔な枝を
剪定することで満開の花を咲かせることできる
この樹花を持つマンドラゴラはその花や香りで
周囲の生き物の心を和ませ、穏やかにする","ui\00_message\mandragora\mandragora_species_info.gmd","\ui\uGUIEncyclopedia.arc","uGUIEncyclopedia.arc","23","","Mandragora Info"
"24","MANDRAGORA_SPECIES_INFO_25","異国の樹花が満開に咲いたマンドラゴラ
この樹花の花弁が散る姿は異国情緒があり
一部の愛好家たちに絶大な支持を得ている
花を同時に満開にさせるには
観賞できる期間も短いため非常に価値が高い","異国の樹花が満開に咲いたマンドラゴラ
この樹花の花弁が散る姿は異国情緒があり
一部の愛好家たちに絶大な支持を得ている
花を同時に満開にさせるには
観賞できる期間も短いため非常に価値が高い","ui\00_message\mandragora\mandragora_species_info.gmd","\ui\uGUIEncyclopedia.arc","uGUIEncyclopedia.arc","24","","Mandragora Info"
"25","MANDRAGORA_SPECIES_INFO_26","侵食キノコを成したマンドラゴラ
怪しく艶やかなその傘は、しばしば暗闇で
人々を驚かせるため""ゴーストマッシュ""とも
呼ばれているが、生態には特筆すべき点は無く
染めたい色の色素を集中して与えればよい","侵食キノコを成したマンドラゴラ
怪しく艶やかなその傘は、しばしば暗闇で
人々を驚かせるため""ゴーストマッシュ""とも
呼ばれているが、生態には特筆すべき点は無く
染めたい色の色素を集中して与えればよい","ui\00_message\mandragora\mandragora_species_info.gmd","\ui\uGUIEncyclopedia.arc","uGUIEncyclopedia.arc","25","","Mandragora Info"
"26","MANDRAGORA_SPECIES_INFO_27","侵食キノコを成したマンドラゴラ
その漆黒の傘は有害物などで出来ており
衛生的にあまり良いとは言えないものである
しかし、本人はあまり一般的ではない渋い色に
誇りをもっているため非常に扱いにくい性格","侵食キノコを成したマンドラゴラ
その漆黒の傘は有害物などで出来ており
衛生的にあまり良いとは言えないものである
しかし、本人はあまり一般的ではない渋い色に
誇りをもっているため非常に扱いにくい性格","ui\00_message\mandragora\mandragora_species_info.gmd","\ui\uGUIEncyclopedia.arc","uGUIEncyclopedia.arc","26","","Mandragora Info"
"27","MANDRAGORA_SPECIES_INFO_28","侵食キノコを成したマンドラゴラ
自然に馴染む茶色い傘は柔らかく水分を含み
商店などでも野菜として並び始めている
水分や成長剤などで容易に育ち
丸焼きやソテーにするとジューシーで美味","侵食キノコを成したマンドラゴラ
自然に馴染む茶色い傘は柔らかく水分を含み
商店などでも野菜として並び始めている
水分や成長剤などで容易に育ち
丸焼きやソテーにするとジューシーで美味","ui\00_message\mandragora\mandragora_species_info.gmd","\ui\uGUIEncyclopedia.arc","uGUIEncyclopedia.arc","27","","Mandragora Info"
"28","MANDRAGORA_SPECIES_INFO_29","侵食キノコを群生させたマンドラゴラ
紫色のマンドラマッシュルームの表面には
ぬめりがあるため、うっかり踏んでしまうと
床や身体にも付いてしまいなかなか取れない
家庭で育てるには少々難易度の高い種である","侵食キノコを群生させたマンドラゴラ
紫色のマンドラマッシュルームの表面には
ぬめりがあるため、うっかり踏んでしまうと
床や身体にも付いてしまいなかなか取れない
家庭で育てるには少々難易度の高い種である","ui\00_message\mandragora\mandragora_species_info.gmd","\ui\uGUIEncyclopedia.arc","uGUIEncyclopedia.arc","28","","Mandragora Info"
"29","MANDRAGORA_SPECIES_INFO_30","侵食キノコを群生させたマンドラゴラ
群生体のブラウンマッシュルームは食用として
味も良く安価なため急速に広まった
食用キノコの養根家は多頭飼いをするため
その多くが侵食害に悩まされているという","侵食キノコを群生させたマンドラゴラ
群生体のブラウンマッシュルームは食用として
味も良く安価なため急速に広まった
食用キノコの養根家は多頭飼いをするため
その多くが侵食害に悩まされているという","ui\00_message\mandragora\mandragora_species_info.gmd","\ui\uGUIEncyclopedia.arc","uGUIEncyclopedia.arc","29","","Mandragora Info"
"30","MANDRAGORA_SPECIES_INFO_31","侵食キノコを群生させたマンドラゴラ
黒い傘に覆われたキノコ部分は闇に溶けるため
この種のマンドラゴラは行方不明率が最も高い
近年野良マンドラゴラ問題が顕在化しているが
その4割はこの種だという調査結果も出ている","侵食キノコを群生させたマンドラゴラ
黒い傘に覆われたキノコ部分は闇に溶けるため
この種のマンドラゴラは行方不明率が最も高い
近年野良マンドラゴラ問題が顕在化しているが
その4割はこの種だという調査結果も出ている","ui\00_message\mandragora\mandragora_species_info.gmd","\ui\uGUIEncyclopedia.arc","uGUIEncyclopedia.arc","30","","Mandragora Info"
"31","MANDRAGORA_SPECIES_INFO_32","南方の樹木の若木を生やしたマンドラゴラ
ブリアで時折見つかる南方の樹木の種が
火山地帯の温暖肥料により成長した
原生地の特性から、十分な水やりと豊富な日光
そして毛皮などで防寒対策が必要となる","南方の樹木の若木を生やしたマンドラゴラ
ブリアで時折見つかる南方の樹木の種が
火山地帯の温暖肥料により成長した
原生地の特性から、十分な水やりと豊富な日光
そして毛皮などで防寒対策が必要となる","ui\00_message\mandragora\mandragora_species_info.gmd","\ui\uGUIEncyclopedia.arc","uGUIEncyclopedia.arc","31","","Mandragora Info"
"32","MANDRAGORA_SPECIES_INFO_33","南方の樹木を生やしたマンドラゴラ
マンドラココナッツを生やしたマンドラゴラは
非常におおらかかつ陽気なためペットに最適
マンドラココナッツは実を成す種類の植物だが
有機肥料の配合が非常に難しく、その実は希少","南方の樹木を生やしたマンドラゴラ
マンドラココナッツを生やしたマンドラゴラは
非常におおらかかつ陽気なためペットに最適
マンドラココナッツは実を成す種類の植物だが
有機肥料の配合が非常に難しく、その実は希少","ui\00_message\mandragora\mandragora_species_info.gmd","\ui\uGUIEncyclopedia.arc","uGUIEncyclopedia.arc","32","","Mandragora Info"
"33","MANDRAGORA_SPECIES_INFO_34","南方の樹木の果実を成したマンドラゴラ
マンドラココナッツの実は南方で主食としても
親しまれる栄養価の高い木の実だが非常に硬く
頭上に実が落下した際に、打ちどころが悪いと
そのままマンドラゴラが絶命する危険性もある","南方の樹木の果実を成したマンドラゴラ
マンドラココナッツの実は南方で主食としても
親しまれる栄養価の高い木の実だが非常に硬く
頭上に実が落下した際に、打ちどころが悪いと
そのままマンドラゴラが絶命する危険性もある","ui\00_message\mandragora\mandragora_species_info.gmd","\ui\uGUIEncyclopedia.arc","uGUIEncyclopedia.arc","33","","Mandragora Info"
"34","MANDRAGORA_SPECIES_INFO_35","雨季に咲く植物を生やしたマンドラゴラ
この植物は土壌成分によって常時色が変化する
魔物由来の安価な液状肥料で容易に色調整が
できるため多くのアマチュア愛好家がおり
酸味成分が青色を強めることが知られている","雨季に咲く植物を生やしたマンドラゴラ
この植物は土壌成分によって常時色が変化する
魔物由来の安価な液状肥料で容易に色調整が
できるため多くのアマチュア愛好家がおり
酸味成分が青色を強めることが知られている","ui\00_message\mandragora\mandragora_species_info.gmd","\ui\uGUIEncyclopedia.arc","uGUIEncyclopedia.arc","34","","Mandragora Info"
"35","MANDRAGORA_SPECIES_INFO_36","雨季に咲く植物を生やしたマンドラゴラ
この植物は土壌成分によって常時色が変化する
魔物由来の安価な液状肥料で容易に色調整が
できるため多くのアマチュア愛好家がおり
苦味成分が赤色を強めることが知られている","雨季に咲く植物を生やしたマンドラゴラ
この植物は土壌成分によって常時色が変化する
魔物由来の安価な液状肥料で容易に色調整が
できるため多くのアマチュア愛好家がおり
苦味成分が赤色を強めることが知られている","ui\00_message\mandragora\mandragora_species_info.gmd","\ui\uGUIEncyclopedia.arc","uGUIEncyclopedia.arc","35","","Mandragora Info"
"36","MANDRAGORA_SPECIES_INFO_37","雨季に咲く植物を生やしたマンドラゴラ
この植物は土壌成分によって常時色が変化する
魔物由来の安価な液状肥料で容易に色調整が
できるため多くのアマチュア愛好家がおり
色変肥料の純度が低い場合紫色に近付くという","雨季に咲く植物を生やしたマンドラゴラ
この植物は土壌成分によって常時色が変化する
魔物由来の安価な液状肥料で容易に色調整が
できるため多くのアマチュア愛好家がおり
色変肥料の純度が低い場合紫色に近付くという","ui\00_message\mandragora\mandragora_species_info.gmd","\ui\uGUIEncyclopedia.arc","uGUIEncyclopedia.arc","36","","Mandragora Info"
"37","MANDRAGORA_SPECIES_INFO_38","美しい一輪花を咲かせたマンドラゴラ
マンドラローズは湿気を特に嫌う植物で
さらに肥料も多量に必要な上、茎には棘があり
手間がかかるため、育成難度はかなり高い
しかしその分、花は美しく高値で取引される","美しい一輪花を咲かせたマンドラゴラ
マンドラローズは湿気を特に嫌う植物で
さらに肥料も多量に必要な上、茎には棘があり
手間がかかるため、育成難度はかなり高い
しかしその分、花は美しく高値で取引される","ui\00_message\mandragora\mandragora_species_info.gmd","\ui\uGUIEncyclopedia.arc","uGUIEncyclopedia.arc","37","","Mandragora Info"
"38","MANDRAGORA_SPECIES_INFO_39","美しい一輪花を咲かせたマンドラゴラ
フィンダム原種に咲く植物としては
青いマンドラローズが最も価値が高い
鮮やかな色を保つには、人工的な着色が未だに
必要で、現在も多くの養根家が研究している","美しい一輪花を咲かせたマンドラゴラ
フィンダム原種に咲く植物としては
青いマンドラローズが最も価値が高い
鮮やかな色を保つには、人工的な着色が未だに
必要で、現在も多くの養根家が研究している","ui\00_message\mandragora\mandragora_species_info.gmd","\ui\uGUIEncyclopedia.arc","uGUIEncyclopedia.arc","38","","Mandragora Info"
"39","MANDRAGORA_SPECIES_INFO_40","美しい一輪花を咲かせたマンドラゴラ
情熱的な赤いマンドラローズは発見された途端
瞬く間に大陸中で贈り物の定番となった
花を大きく強く咲かせるためには、無機肥料と
十分な水分を与えることが重要となる","美しい一輪花を咲かせたマンドラゴラ
情熱的な赤いマンドラローズは発見された途端
瞬く間に大陸中で贈り物の定番となった
花を大きく強く咲かせるためには、無機肥料と
十分な水分を与えることが重要となる","ui\00_message\mandragora\mandragora_species_info.gmd","\ui\uGUIEncyclopedia.arc","uGUIEncyclopedia.arc","39","","Mandragora Info"
"40","MANDRAGORA_SPECIES_INFO_41","美しい一輪花を咲かせたマンドラゴラ
黄色のマンドラローズは別れの意味があり
単に目を楽しませる品種として愛でられている
花を大きく強く咲かせるためには、無機肥料と
十分な水分を与えることが重要となる","美しい一輪花を咲かせたマンドラゴラ
黄色のマンドラローズは別れの意味があり
単に目を楽しませる品種として愛でられている
花を大きく強く咲かせるためには、無機肥料と
十分な水分を与えることが重要となる","ui\00_message\mandragora\mandragora_species_info.gmd","\ui\uGUIEncyclopedia.arc","uGUIEncyclopedia.arc","40","","Mandragora Info"
"41","MANDRAGORA_SPECIES_INFO_42","美しい一輪花を咲かせたマンドラゴラ
紫色のマンドラローズには気品と威厳があり
敬意を表すにはもってこいの贈り物である
花を大きく強く咲かせるためには、無機肥料と
十分な水分を与えることが重要となる","美しい一輪花を咲かせたマンドラゴラ
紫色のマンドラローズには気品と威厳があり
敬意を表すにはもってこいの贈り物である
花を大きく強く咲かせるためには、無機肥料と
十分な水分を与えることが重要となる","ui\00_message\mandragora\mandragora_species_info.gmd","\ui\uGUIEncyclopedia.arc","uGUIEncyclopedia.arc","41","","Mandragora Info"
"42","MANDRAGORA_SPECIES_INFO_43","美しい一輪花を咲かせたマンドラゴラ
マンドラローズ種は比較的新しい品種のため
様々な色の発色には色素肥料が使われている
花を大きく強く咲かせるためには、無機肥料と
十分な水分を与えることが重要となる","美しい一輪花を咲かせたマンドラゴラ
マンドラローズ種は比較的新しい品種のため
様々な色の発色には色素肥料が使われている
花を大きく強く咲かせるためには、無機肥料と
十分な水分を与えることが重要となる","ui\00_message\mandragora\mandragora_species_info.gmd","\ui\uGUIEncyclopedia.arc","uGUIEncyclopedia.arc","42","","Mandragora Info"
"43","MANDRAGORA_SPECIES_INFO_44","美しい一輪花を咲かせたマンドラゴラ
黒い色は吸い込まれるように禍々しく
一部のマニアに熱狂的な人気がある
花を大きく強く咲かせるためには、無機肥料と
十分な水分を与えることが重要となる","美しい一輪花を咲かせたマンドラゴラ
黒い色は吸い込まれるように禍々しく
一部のマニアに熱狂的な人気がある
花を大きく強く咲かせるためには、無機肥料と
十分な水分を与えることが重要となる","ui\00_message\mandragora\mandragora_species_info.gmd","\ui\uGUIEncyclopedia.arc","uGUIEncyclopedia.arc","43","","Mandragora Info"
"44","MANDRAGORA_SPECIES_INFO_45","非常に希少な植物の花を咲かせたマンドラゴラ
青いマンドラフレシアはフィンダム原種にしか
発生が確認されていない極貴重な品種
寄生生物であるため、根部の消耗が激しく
肉や液体肥料で精を付けてやる必要がある","非常に希少な植物の花を咲かせたマンドラゴラ
青いマンドラフレシアはフィンダム原種にしか
発生が確認されていない極貴重な品種
寄生生物であるため、根部の消耗が激しく
肉や液体肥料で精を付けてやる必要がある","ui\00_message\mandragora\mandragora_species_info.gmd","\ui\uGUIEncyclopedia.arc","uGUIEncyclopedia.arc","44","","Mandragora Info"
"45","MANDRAGORA_SPECIES_INFO_46","非常に希少な植物の花を咲かせたマンドラゴラ
最も見られる可能性の高いポピュラーな色だが
死肉のような柄に虫がたかることもある
寄生生物であるため、根部の消耗が激しく
肉や液体肥料で精を付けてやる必要がある","非常に希少な植物の花を咲かせたマンドラゴラ
最も見られる可能性の高いポピュラーな色だが
死肉のような柄に虫がたかることもある
寄生生物であるため、根部の消耗が激しく
肉や液体肥料で精を付けてやる必要がある","ui\00_message\mandragora\mandragora_species_info.gmd","\ui\uGUIEncyclopedia.arc","uGUIEncyclopedia.arc","45","","Mandragora Info"
"46","MANDRAGORA_SPECIES_INFO_47","非常に希少な植物の花を咲かせたマンドラゴラ
自ら養分を合成することができないため
明るい見た目とは裏腹に、太陽光は好まない
寄生生物であるため、根部の消耗が激しく
肉や液体肥料で精を付けてやる必要がある","非常に希少な植物の花を咲かせたマンドラゴラ
自ら養分を合成することができないため
明るい見た目とは裏腹に、太陽光は好まない
寄生生物であるため、根部の消耗が激しく
肉や液体肥料で精を付けてやる必要がある","ui\00_message\mandragora\mandragora_species_info.gmd","\ui\uGUIEncyclopedia.arc","uGUIEncyclopedia.arc","46","","Mandragora Info"
"47","MANDRAGORA_SPECIES_INFO_48","非常に希少な植物の花を咲かせたマンドラゴラ
感染症に罹った個体から偶然発見される種で
根部に与えた有機肥料によって色が変わる
寄生植物であるため、根部の消耗が激しく
肉や液体肥料で精を付けてやる必要がある","非常に希少な植物の花を咲かせたマンドラゴラ
感染症に罹った個体から偶然発見される種で
根部に与えた有機肥料によって色が変わる
寄生植物であるため、根部の消耗が激しく
肉や液体肥料で精を付けてやる必要がある","ui\00_message\mandragora\mandragora_species_info.gmd","\ui\uGUIEncyclopedia.arc","uGUIEncyclopedia.arc","47","","Mandragora Info"
"48","MANDRAGORA_SPECIES_INFO_101","チリマンドラゴラ科の幼生体
マンドラゴラがフィンダム外に持ち出され
急速に多様なマンドラゴラ系植物が創られた
マンドラゴラを高温肥料で育てることにより
捕食者に灼熱感を与える毒を有するようになる","チリマンドラゴラ科の幼生体
マンドラゴラがフィンダム外に持ち出され
急速に多様なマンドラゴラ系植物が創られた
マンドラゴラを高温肥料で育てることにより
捕食者に灼熱感を与える毒を有するようになる","ui\00_message\mandragora\mandragora_species_info.gmd","\ui\uGUIEncyclopedia.arc","uGUIEncyclopedia.arc","48","","Mandragora Info"
"49","MANDRAGORA_SPECIES_INFO_102","チリマンドラゴラ科の成体
チリマンドラゴラの毒は赤色の元となっており
冷却により、その毒性が弱まる特性がある
また、毒液は防虫や食品加工、染色などへの
有用性が現在期待されている","チリマンドラゴラ科の成体
チリマンドラゴラの毒は赤色の元となっており
冷却により、その毒性が弱まる特性がある
また、毒液は防虫や食品加工、染色などへの
有用性が現在期待されている","ui\00_message\mandragora\mandragora_species_info.gmd","\ui\uGUIEncyclopedia.arc","uGUIEncyclopedia.arc","49","","Mandragora Info"
"50","MANDRAGORA_SPECIES_INFO_103","チリマンドラゴラの観葉体
チリマンドラゴラはフィンダム原生種より
気性が荒いが、中でも花を咲かせず成長した
観葉体は特に凶暴であることが分かっている
子どものいる家庭での育成は推奨できない","チリマンドラゴラの観葉体
チリマンドラゴラはフィンダム原生種より
気性が荒いが、中でも花を咲かせず成長した
観葉体は特に凶暴であることが分かっている
子どものいる家庭での育成は推奨できない","ui\00_message\mandragora\mandragora_species_info.gmd","\ui\uGUIEncyclopedia.arc","uGUIEncyclopedia.arc","50","","Mandragora Info"
"51","MANDRAGORA_SPECIES_INFO_104","固有種の花を咲かせたチリマンドラゴラ
チリマンドラゴラは恒温であり寒さに強いため
冬場の栽培植物として注目されている
特にマンドラフラワーの咲く種は丈夫だが
冷やし過ぎると花が白くなり枯死してしまう","固有種の花を咲かせたチリマンドラゴラ
チリマンドラゴラは恒温であり寒さに強いため
冬場の栽培植物として注目されている
特にマンドラフラワーの咲く種は丈夫だが
冷やし過ぎると花が白くなり枯死してしまう","ui\00_message\mandragora\mandragora_species_info.gmd","\ui\uGUIEncyclopedia.arc","uGUIEncyclopedia.arc","51","","Mandragora Info"
"52","MANDRAGORA_SPECIES_INFO_105","固有種の花を咲かせたチリマンドラゴラ
チリマンドラゴラに水分は必須ではないため
水を与えすぎると変色することがある
仕組みは明らかとなっていないが
目の錯覚説と肥料の成分原因説が有力である","固有種の花を咲かせたチリマンドラゴラ
チリマンドラゴラに水分は必須ではないため
水を与えすぎると変色することがある
仕組みは明らかとなっていないが
目の錯覚説と肥料の成分原因説が有力である","ui\00_message\mandragora\mandragora_species_info.gmd","\ui\uGUIEncyclopedia.arc","uGUIEncyclopedia.arc","52","","Mandragora Info"
"53","MANDRAGORA_SPECIES_INFO_106","固有種の花を咲かせたチリマンドラゴラ
赤い花には根部と同様の熱毒を持っており
花の色は健康のバロメータにもなっている
濃く鮮やかな色であるほど健康な状態であり
花色調整のための冷却は個体に負荷がかかる","固有種の花を咲かせたチリマンドラゴラ
赤い花には根部と同様の熱毒を持っており
花の色は健康のバロメータにもなっている
濃く鮮やかな色であるほど健康な状態であり
花色調整のための冷却は個体に負荷がかかる","ui\00_message\mandragora\mandragora_species_info.gmd","\ui\uGUIEncyclopedia.arc","uGUIEncyclopedia.arc","53","","Mandragora Info"
"54","MANDRAGORA_SPECIES_INFO_107","固有種の花を咲かせたチリマンドラゴラ
熱を奪う水分を与えられ花色が薄くなった種で
毒が和らげられた花弁部は生食できるため
一部の物好きで裕福なレスタニアン達の間では
高値で取引されている","固有種の花を咲かせたチリマンドラゴラ
熱を奪う水分を与えられ花色が薄くなった種で
毒が和らげられた花弁部は生食できるため
一部の物好きで裕福なレスタニアン達の間では
高値で取引されている","ui\00_message\mandragora\mandragora_species_info.gmd","\ui\uGUIEncyclopedia.arc","uGUIEncyclopedia.arc","54","","Mandragora Info"
"55","MANDRAGORA_SPECIES_INFO_108","固有種の花を咲かせたチリマンドラゴラ
冷えて花が白くなったチリマンドラゴラは本来
すぐに死んでしまうほど弱っている状態だが
人間用栄養剤を与えることで生存を保っている
花は特別美しく、50万Gの値がついたことも","固有種の花を咲かせたチリマンドラゴラ
冷えて花が白くなったチリマンドラゴラは本来
すぐに死んでしまうほど弱っている状態だが
人間用栄養剤を与えることで生存を保っている
花は特別美しく、50万Gの値がついたことも","ui\00_message\mandragora\mandragora_species_info.gmd","\ui\uGUIEncyclopedia.arc","uGUIEncyclopedia.arc","55","","Mandragora Info"
"56","MANDRAGORA_SPECIES_INFO_109","固有種の花を群生させたチリマンドラゴラ
チリマンドラゴラ種は人工配合した種のため
様々な花色を育てるには熟練度が必要であり
近年発足したマンドラゴラ・ブリーダー資格の
テストとして定められている","固有種の花を群生させたチリマンドラゴラ
チリマンドラゴラ種は人工配合した種のため
様々な花色を育てるには熟練度が必要であり
近年発足したマンドラゴラ・ブリーダー資格の
テストとして定められている","ui\00_message\mandragora\mandragora_species_info.gmd","\ui\uGUIEncyclopedia.arc","uGUIEncyclopedia.arc","56","","Mandragora Info"
"57","MANDRAGORA_SPECIES_INFO_110","固有種の花を群生させたチリマンドラゴラ
マンドラゴラという植物は雌雄同体であるため
基本的には一個体のみで繁殖が可能だが
チリマンドラゴラは開花しても結実できない
度重なる人工栽培による弊害と考えられている","固有種の花を群生させたチリマンドラゴラ
マンドラゴラという植物は雌雄同体であるため
基本的には一個体のみで繁殖が可能だが
チリマンドラゴラは開花しても結実できない
度重なる人工栽培による弊害と考えられている","ui\00_message\mandragora\mandragora_species_info.gmd","\ui\uGUIEncyclopedia.arc","uGUIEncyclopedia.arc","57","","Mandragora Info"
"58","MANDRAGORA_SPECIES_INFO_111","固有種の花を群生させたチリマンドラゴラ
花は香辛料のような刺激と豊かな香りを持ち
滋養強壮に効果があることが分かっている
雑味のない風味を持つ黄花を育てるためには
自然由来の水資源で生命力を与えることが重要","固有種の花を群生させたチリマンドラゴラ
花は香辛料のような刺激と豊かな香りを持ち
滋養強壮に効果があることが分かっている
雑味のない風味を持つ黄花を育てるためには
自然由来の水資源で生命力を与えることが重要","ui\00_message\mandragora\mandragora_species_info.gmd","\ui\uGUIEncyclopedia.arc","uGUIEncyclopedia.arc","58","","Mandragora Info"
"59","MANDRAGORA_SPECIES_INFO_112","固有種の花を群生させたチリマンドラゴラ
魔力の高い低温肥料によって根温度を極限まで
下げながら、栄養剤によって基幹増強をすると
低温でも枯死せずに純白の花が咲くことがある
高い肥料配合技術が成せる奇跡の品種である","固有種の花を群生させたチリマンドラゴラ
魔力の高い低温肥料によって根温度を極限まで
下げながら、栄養剤によって基幹増強をすると
低温でも枯死せずに純白の花が咲くことがある
高い肥料配合技術が成せる奇跡の品種である","ui\00_message\mandragora\mandragora_species_info.gmd","\ui\uGUIEncyclopedia.arc","uGUIEncyclopedia.arc","59","","Mandragora Info"
"60","MANDRAGORA_SPECIES_INFO_113","胞子によってキノコを成したチリマンドラゴラ
赤い根部と青く光沢あるキノコの組み合わせは
観賞用に人気で、剥製化の研究も進んでいる
キノコ部分は鉱質であり、根部と切り離しても
500年は傷み始めないことが分かっている","胞子によってキノコを成したチリマンドラゴラ
赤い根部と青く光沢あるキノコの組み合わせは
観賞用に人気で、剥製化の研究も進んでいる
キノコ部分は鉱質であり、根部と切り離しても
500年は傷み始めないことが分かっている","ui\00_message\mandragora\mandragora_species_info.gmd","\ui\uGUIEncyclopedia.arc","uGUIEncyclopedia.arc","60","","Mandragora Info"
"61","MANDRAGORA_SPECIES_INFO_114","胞子によってキノコを成したチリマンドラゴラ
固有毒にも耐えうるこのキノコの成体は珍しく
自然下では、地中の鉱石に根を張り成長する
特に宝石の原石に宿ったものは貴重とされ
その石の色を映した美しい姿になるという","胞子によってキノコを成したチリマンドラゴラ
固有毒にも耐えうるこのキノコの成体は珍しく
自然下では、地中の鉱石に根を張り成長する
特に宝石の原石に宿ったものは貴重とされ
その石の色を映した美しい姿になるという","ui\00_message\mandragora\mandragora_species_info.gmd","\ui\uGUIEncyclopedia.arc","uGUIEncyclopedia.arc","61","","Mandragora Info"
"62","MANDRAGORA_SPECIES_INFO_115","胞子によってキノコを成したチリマンドラゴラ
黄石英などに発生したキノコは黄味がかった
色合いになることが多い
レスタニアの伝承では、このような茸石は
特別な魔力を持っていると信じられている","胞子によってキノコを成したチリマンドラゴラ
黄石英などに発生したキノコは黄味がかった
色合いになることが多い
レスタニアの伝承では、このような茸石は
特別な魔力を持っていると信じられている","ui\00_message\mandragora\mandragora_species_info.gmd","\ui\uGUIEncyclopedia.arc","uGUIEncyclopedia.arc","62","","Mandragora Info"
"63","MANDRAGORA_SPECIES_INFO_116","胞子によってキノコを成したチリマンドラゴラ
最も強力な魔石である水晶から出来た茸石は
ピュアホワイトの美を誇り、高い価値を持つ
キノコを食すことで水晶の魔力を取り込めると
謳われているが、科学的には未検証である","胞子によってキノコを成したチリマンドラゴラ
最も強力な魔石である水晶から出来た茸石は
ピュアホワイトの美を誇り、高い価値を持つ
キノコを食すことで水晶の魔力を取り込めると
謳われているが、科学的には未検証である","ui\00_message\mandragora\mandragora_species_info.gmd","\ui\uGUIEncyclopedia.arc","uGUIEncyclopedia.arc","63","","Mandragora Info"
"64","MANDRAGORA_SPECIES_INFO_117","キノコが群生したチリマンドラゴラ
自然下では、茸石は湿度と温度の適した
鍾乳洞などで発生することが確認されている
チリマンドラゴラの頭部は生育環境として優れ
湿度を保たせることで突鉱のように群生する","キノコが群生したチリマンドラゴラ
自然下では、茸石は湿度と温度の適した
鍾乳洞などで発生することが確認されている
チリマンドラゴラの頭部は生育環境として優れ
湿度を保たせることで突鉱のように群生する","ui\00_message\mandragora\mandragora_species_info.gmd","\ui\uGUIEncyclopedia.arc","uGUIEncyclopedia.arc","64","","Mandragora Info"
"65","MANDRAGORA_SPECIES_INFO_118","キノコが群生したチリマンドラゴラ
茸石は、キノコが均等な大きさで群生した頃に
頭部にはめ込んだ宝石ごと収穫する
生育湿度が不十分だと菌糸が根部にまで及び
収穫時に脳を傷つけてしまうことがある","キノコが群生したチリマンドラゴラ
茸石は、キノコが均等な大きさで群生した頃に
頭部にはめ込んだ宝石ごと収穫する
生育湿度が不十分だと菌糸が根部にまで及び
収穫時に脳を傷つけてしまうことがある","ui\00_message\mandragora\mandragora_species_info.gmd","\ui\uGUIEncyclopedia.arc","uGUIEncyclopedia.arc","65","","Mandragora Info"
"66","MANDRAGORA_SPECIES_INFO_119","キノコが群生したチリマンドラゴラ
連なる黄金の傘が金貨の山に見えることから
別名「金茸石」とも呼ばれ、商人に人気がある
トパーズは直射日光により脱色しやすいため
布や紙などで覆いを作って育てる必要がある","キノコが群生したチリマンドラゴラ
連なる黄金の傘が金貨の山に見えることから
別名「金茸石」とも呼ばれ、商人に人気がある
トパーズは直射日光により脱色しやすいため
布や紙などで覆いを作って育てる必要がある","ui\00_message\mandragora\mandragora_species_info.gmd","\ui\uGUIEncyclopedia.arc","uGUIEncyclopedia.arc","66","","Mandragora Info"
"67","MANDRAGORA_SPECIES_INFO_120","キノコが群生したチリマンドラゴラ
水晶には自浄作用があるためそのままでは
キノコが成長しにくい環境になってしまう
群生させるためには継続的な植菌と培養が必要
茸石の中では最も価値の高い種とされている","キノコが群生したチリマンドラゴラ
水晶には自浄作用があるためそのままでは
キノコが成長しにくい環境になってしまう
群生させるためには継続的な植菌と培養が必要
茸石の中では最も価値の高い種とされている","ui\00_message\mandragora\mandragora_species_info.gmd","\ui\uGUIEncyclopedia.arc","uGUIEncyclopedia.arc","67","","Mandragora Info"
"68","MANDRAGORA_SPECIES_INFO_121","異国の落葉樹が生えたチリマンドラゴラ
チリマンドラゴラに生える樹花は
マンドラゴラなどに生える樹花と似ているが
別品種であり、香りと赤みがより強い
花芽を増やすには有機肥料が必要","異国の落葉樹が生えたチリマンドラゴラ
チリマンドラゴラに生える樹花は
マンドラゴラなどに生える樹花と似ているが
別品種であり、香りと赤みがより強い
花芽を増やすには有機肥料が必要","ui\00_message\mandragora\mandragora_species_info.gmd","\ui\uGUIEncyclopedia.arc","uGUIEncyclopedia.arc","68","","Mandragora Info"
"69","MANDRAGORA_SPECIES_INFO_122","異国の樹花を咲かせたチリマンドラゴラ
チリマンドラゴラ種に生える樹花がつける実は
非常に香り高く、酒やジャムなどに使用される
基本的な花蕾育成肥料に加え、即効性のある
栄養剤を多く与えることで実が増えるという","異国の樹花を咲かせたチリマンドラゴラ
チリマンドラゴラ種に生える樹花がつける実は
非常に香り高く、酒やジャムなどに使用される
基本的な花蕾育成肥料に加え、即効性のある
栄養剤を多く与えることで実が増えるという","ui\00_message\mandragora\mandragora_species_info.gmd","\ui\uGUIEncyclopedia.arc","uGUIEncyclopedia.arc","69","","Mandragora Info"
"70","MANDRAGORA_SPECIES_INFO_123","異国の樹花が満開に咲いたチリマンドラゴラ
薄紅色の花は強い香りを放ち害虫を遠ざける
効果がある上に、花持ちも良いため
ノーマル種の樹花と共に育てる養根家が多い
しかし、気が荒いため喧嘩には注意が必要","異国の樹花が満開に咲いたチリマンドラゴラ
薄紅色の花は強い香りを放ち害虫を遠ざける
効果がある上に、花持ちも良いため
ノーマル種の樹花と共に育てる養根家が多い
しかし、気が荒いため喧嘩には注意が必要","ui\00_message\mandragora\mandragora_species_info.gmd","\ui\uGUIEncyclopedia.arc","uGUIEncyclopedia.arc","70","","Mandragora Info"
"71","MANDRAGORA_SPECIES_INFO_124","雨季に咲く植物を生やしたチリマンドラゴラ
この植物は土壌成分によって常時色が変化する
酸味成分が青色を強めることが知られているが
チリマンドラゴラは根部が非常に乾燥しやすく
十分な湿度を保つことが育成に重要となる","雨季に咲く植物を生やしたチリマンドラゴラ
この植物は土壌成分によって常時色が変化する
酸味成分が青色を強めることが知られているが
チリマンドラゴラは根部が非常に乾燥しやすく
十分な湿度を保つことが育成に重要となる","ui\00_message\mandragora\mandragora_species_info.gmd","\ui\uGUIEncyclopedia.arc","uGUIEncyclopedia.arc","71","","Mandragora Info"
"72","MANDRAGORA_SPECIES_INFO_125","雨季に咲く植物を生やしたチリマンドラゴラ
この植物は土壌成分によって常時色が変化する
苦味成分が赤色を強めることが知られているが
チリマンドラゴラは根部が非常に乾燥しやすく
十分な湿度を保つことが育成に重要となる","雨季に咲く植物を生やしたチリマンドラゴラ
この植物は土壌成分によって常時色が変化する
苦味成分が赤色を強めることが知られているが
チリマンドラゴラは根部が非常に乾燥しやすく
十分な湿度を保つことが育成に重要となる","ui\00_message\mandragora\mandragora_species_info.gmd","\ui\uGUIEncyclopedia.arc","uGUIEncyclopedia.arc","72","","Mandragora Info"
"73","MANDRAGORA_SPECIES_INFO_126","雨季に咲く植物を生やしたチリマンドラゴラ
この植物は土壌成分によって常時色が変化し
色変肥料の純度が低い場合紫色に近付くという
チリマンドラゴラは根部が非常に乾燥しやすく
十分な湿度を保つことが育成に重要となる","雨季に咲く植物を生やしたチリマンドラゴラ
この植物は土壌成分によって常時色が変化し
色変肥料の純度が低い場合紫色に近付くという
チリマンドラゴラは根部が非常に乾燥しやすく
十分な湿度を保つことが育成に重要となる","ui\00_message\mandragora\mandragora_species_info.gmd","\ui\uGUIEncyclopedia.arc","uGUIEncyclopedia.arc","73","","Mandragora Info"
"74","MANDRAGORA_SPECIES_INFO_127","美しい一輪花を咲かせたチリマンドラゴラ
全身に血を浴びたかのように真っ赤な姿だが
性格は至って温厚で寂しがり屋である
十分な有機肥料さえあれば、特別な育成が
無くとも真っ赤に育つため重宝されている","美しい一輪花を咲かせたチリマンドラゴラ
全身に血を浴びたかのように真っ赤な姿だが
性格は至って温厚で寂しがり屋である
十分な有機肥料さえあれば、特別な育成が
無くとも真っ赤に育つため重宝されている","ui\00_message\mandragora\mandragora_species_info.gmd","\ui\uGUIEncyclopedia.arc","uGUIEncyclopedia.arc","74","","Mandragora Info"
"75","MANDRAGORA_SPECIES_INFO_128","美しい一輪花を咲かせたチリマンドラゴラ
活発で人懐こい性格だが、スキンシップは棘の
処理を適切に行った後でなければ危険である
十分な有機肥料さえあれば、特別な育成が
無くとも真っ赤に育つため重宝されている","美しい一輪花を咲かせたチリマンドラゴラ
活発で人懐こい性格だが、スキンシップは棘の
処理を適切に行った後でなければ危険である
十分な有機肥料さえあれば、特別な育成が
無くとも真っ赤に育つため重宝されている","ui\00_message\mandragora\mandragora_species_info.gmd","\ui\uGUIEncyclopedia.arc","uGUIEncyclopedia.arc","75","","Mandragora Info"
"76","MANDRAGORA_SPECIES_INFO_129","美しい一輪花を咲かせたチリマンドラゴラ
真っ赤な根部から生える真っ白な花は
その白さがより際立ち、格別に愛されている
チリマンドラゴラ種に純白のマンドラローズを
咲かせるためは、人工染料が最も手軽とされる","美しい一輪花を咲かせたチリマンドラゴラ
真っ赤な根部から生える真っ白な花は
その白さがより際立ち、格別に愛されている
チリマンドラゴラ種に純白のマンドラローズを
咲かせるためは、人工染料が最も手軽とされる","ui\00_message\mandragora\mandragora_species_info.gmd","\ui\uGUIEncyclopedia.arc","uGUIEncyclopedia.arc","76","","Mandragora Info"
"77","MANDRAGORA_SPECIES_INFO_130","非常に希少な花が咲いたチリマンドラゴラ
謎多きマンドラフレシアだがチリ系は持ち前の
高体温により咲きやすいといった報告もある
開花を早めるには、十分な有機肥料の他に
たっぷりの水分を与えると良いなどの噂もある","非常に希少な花が咲いたチリマンドラゴラ
謎多きマンドラフレシアだがチリ系は持ち前の
高体温により咲きやすいといった報告もある
開花を早めるには、十分な有機肥料の他に
たっぷりの水分を与えると良いなどの噂もある","ui\00_message\mandragora\mandragora_species_info.gmd","\ui\uGUIEncyclopedia.arc","uGUIEncyclopedia.arc","77","","Mandragora Info"
"78","MANDRAGORA_SPECIES_INFO_131","非常に希少な花が咲いたチリマンドラゴラ
格別に美しく臭いも強烈な植物だが、触れると
粘りのある取れにくい花粉が付着するので注意
やはり色は成長過程で人工着色する必要があり
萎れた花の汁は染料としても利用ができるほど","非常に希少な花が咲いたチリマンドラゴラ
格別に美しく臭いも強烈な植物だが、触れると
粘りのある取れにくい花粉が付着するので注意
やはり色は成長過程で人工着色する必要があり
萎れた花の汁は染料としても利用ができるほど","ui\00_message\mandragora\mandragora_species_info.gmd","\ui\uGUIEncyclopedia.arc","uGUIEncyclopedia.arc","78","","Mandragora Info"
"79","MANDRAGORA_SPECIES_INFO_201","産まれたばかりのアルビノマンドラゴラ
色素異常によって偶然生まれたとされているが
人の手によって１つの品種として残された
強い日差しに弱く、日差しを遮りながら育てて
やると丈夫に育ちやすいことが分かっている","産まれたばかりのアルビノマンドラゴラ
色素異常によって偶然生まれたとされているが
人の手によって１つの品種として残された
強い日差しに弱く、日差しを遮りながら育てて
やると丈夫に育ちやすいことが分かっている","ui\00_message\mandragora\mandragora_species_info.gmd","\ui\uGUIEncyclopedia.arc","uGUIEncyclopedia.arc","79","","Mandragora Info"
"80","MANDRAGORA_SPECIES_INFO_202","基本的な成長を遂げたアルビノマンドラゴラ
アルビノは植物的身体構造を持ちながら
太陽光に弱いため、開花時などの養分を多く
消費する時期には、豊富な養分だけでなく
布などで覆い、保護する必要がある","基本的な成長を遂げたアルビノマンドラゴラ
アルビノは植物的身体構造を持ちながら
太陽光に弱いため、開花時などの養分を多く
消費する時期には、豊富な養分だけでなく
布などで覆い、保護する必要がある","ui\00_message\mandragora\mandragora_species_info.gmd","\ui\uGUIEncyclopedia.arc","uGUIEncyclopedia.arc","80","","Mandragora Info"
"81","MANDRAGORA_SPECIES_INFO_203","栄養の偏りにより　　　
花を咲かせず成長したアルビノマンドラゴラ
アルビノ種の育成に慣れない駆け出し養根家が
陥りやすい育成の谷と呼ばれている
開花養分や遮光素材不足の場合が多い","栄養の偏りにより　　　
花を咲かせず成長したアルビノマンドラゴラ
アルビノ種の育成に慣れない駆け出し養根家が
陥りやすい育成の谷と呼ばれている
開花養分や遮光素材不足の場合が多い","ui\00_message\mandragora\mandragora_species_info.gmd","\ui\uGUIEncyclopedia.arc","uGUIEncyclopedia.arc","81","","Mandragora Info"
"82","MANDRAGORA_SPECIES_INFO_204","固有種の花を咲かせたアルビノマンドラゴラ
肥料を経口摂取するアルビノ種には人間の
模倣行動がよく見られ、植物でありながら
肉や草などを好む個体も発見されている
濃縮された肥料の色素は頭部に強く反映される","固有種の花を咲かせたアルビノマンドラゴラ
肥料を経口摂取するアルビノ種には人間の
模倣行動がよく見られ、植物でありながら
肉や草などを好む個体も発見されている
濃縮された肥料の色素は頭部に強く反映される","ui\00_message\mandragora\mandragora_species_info.gmd","\ui\uGUIEncyclopedia.arc","uGUIEncyclopedia.arc","82","","Mandragora Info"
"83","MANDRAGORA_SPECIES_INFO_205","固有種の花を咲かせたアルビノマンドラゴラ
アルビノ種は大食漢であり、手足の根毛から
だけでなく前部の口のように開閉する穴からも
直接養分を摂取し、頭部植物へ吸収できる
そのため味覚に近い感覚器官が発達している","固有種の花を咲かせたアルビノマンドラゴラ
アルビノ種は大食漢であり、手足の根毛から
だけでなく前部の口のように開閉する穴からも
直接養分を摂取し、頭部植物へ吸収できる
そのため味覚に近い感覚器官が発達している","ui\00_message\mandragora\mandragora_species_info.gmd","\ui\uGUIEncyclopedia.arc","uGUIEncyclopedia.arc","83","","Mandragora Info"
"84","MANDRAGORA_SPECIES_INFO_206","固有種の花を咲かせたアルビノマンドラゴラ
研究のためアルビノ種に肉のみを与えていた
ある研究者が突如行方不明となる事件があった
肉の味を覚えたアルビノマンドラゴラには
十分な注意が必要である","固有種の花を咲かせたアルビノマンドラゴラ
研究のためアルビノ種に肉のみを与えていた
ある研究者が突如行方不明となる事件があった
肉の味を覚えたアルビノマンドラゴラには
十分な注意が必要である","ui\00_message\mandragora\mandragora_species_info.gmd","\ui\uGUIEncyclopedia.arc","uGUIEncyclopedia.arc","84","","Mandragora Info"
"85","MANDRAGORA_SPECIES_INFO_207","固有種の花を咲かせたアルビノマンドラゴラ
アルビノ種は養分吸収の多くを口穴から
摂取するため鉱物などは肥料として適さないが
一方で、大型魔物の骨などは容易くかみ砕く
見た目に反して逞しく野生的な面もある","固有種の花を咲かせたアルビノマンドラゴラ
アルビノ種は養分吸収の多くを口穴から
摂取するため鉱物などは肥料として適さないが
一方で、大型魔物の骨などは容易くかみ砕く
見た目に反して逞しく野生的な面もある","ui\00_message\mandragora\mandragora_species_info.gmd","\ui\uGUIEncyclopedia.arc","uGUIEncyclopedia.arc","85","","Mandragora Info"
"86","MANDRAGORA_SPECIES_INFO_208","固有種の花を咲かせたアルビノマンドラゴラ
紫のマンドラフラワーは主に染料の素材として
重宝されているが、特にアルビノ種の染料は
混じりけがなく高価で取引されている
その紫は、様々な自然色素の凝縮である","固有種の花を咲かせたアルビノマンドラゴラ
紫のマンドラフラワーは主に染料の素材として
重宝されているが、特にアルビノ種の染料は
混じりけがなく高価で取引されている
その紫は、様々な自然色素の凝縮である","ui\00_message\mandragora\mandragora_species_info.gmd","\ui\uGUIEncyclopedia.arc","uGUIEncyclopedia.arc","86","","Mandragora Info"
"87","MANDRAGORA_SPECIES_INFO_209","固有種の花を咲かせたアルビノマンドラゴラ
純白の姿は一部に畏怖や憧憬を抱かせるもので
祝事などの儀式道具に利用される過去もあった
今では愛護の観点から反対する養根家も多いが
未だに誤解されることの多い種である","固有種の花を咲かせたアルビノマンドラゴラ
純白の姿は一部に畏怖や憧憬を抱かせるもので
祝事などの儀式道具に利用される過去もあった
今では愛護の観点から反対する養根家も多いが
未だに誤解されることの多い種である","ui\00_message\mandragora\mandragora_species_info.gmd","\ui\uGUIEncyclopedia.arc","uGUIEncyclopedia.arc","87","","Mandragora Info"
"88","MANDRAGORA_SPECIES_INFO_210","固有種の花を群生させたアルビノマンドラゴラ
アルビノ種は元来持つ色素が少ないため
肥料から採る色素が非常に重要である
人の与える様々な有機肥料よりもマンドラゴラ
由来の肥料の方が、鮮やかな発色になるという","固有種の花を群生させたアルビノマンドラゴラ
アルビノ種は元来持つ色素が少ないため
肥料から採る色素が非常に重要である
人の与える様々な有機肥料よりもマンドラゴラ
由来の肥料の方が、鮮やかな発色になるという","ui\00_message\mandragora\mandragora_species_info.gmd","\ui\uGUIEncyclopedia.arc","uGUIEncyclopedia.arc","88","","Mandragora Info"
"89","MANDRAGORA_SPECIES_INFO_211","固有種の花を群生させたアルビノマンドラゴラ
マンドラゴラの葉や花は人間にとって有毒だが
マンドラゴラの飼育用としては完全肥料である
アルビノ種に与えれば艶やかに美しく育つが
共食いの倫理的問題が論争を巻き起こしている","固有種の花を群生させたアルビノマンドラゴラ
マンドラゴラの葉や花は人間にとって有毒だが
マンドラゴラの飼育用としては完全肥料である
アルビノ種に与えれば艶やかに美しく育つが
共食いの倫理的問題が論争を巻き起こしている","ui\00_message\mandragora\mandragora_species_info.gmd","\ui\uGUIEncyclopedia.arc","uGUIEncyclopedia.arc","89","","Mandragora Info"
"90","MANDRAGORA_SPECIES_INFO_212","固有種の花を群生させたアルビノマンドラゴラ
マンドラフラワーは人間にとっては有毒だが
マンドラゴラの飼育用としては完全肥料である
共食いという過程を経て育成された個体は
野性の特性が強化されより攻撃的になる","固有種の花を群生させたアルビノマンドラゴラ
マンドラフラワーは人間にとっては有毒だが
マンドラゴラの飼育用としては完全肥料である
共食いという過程を経て育成された個体は
野性の特性が強化されより攻撃的になる","ui\00_message\mandragora\mandragora_species_info.gmd","\ui\uGUIEncyclopedia.arc","uGUIEncyclopedia.arc","90","","Mandragora Info"
"91","MANDRAGORA_SPECIES_INFO_213","固有種の花を群生させたアルビノマンドラゴラ
紫のマンドラフラワー群生体は非常に希少で
他種が花を食まないよう隔離され育成される
原生地でも同様に育てられてきた歴史を持ち
気位が高く自己中心的な気質が全体に見られる","固有種の花を群生させたアルビノマンドラゴラ
紫のマンドラフラワー群生体は非常に希少で
他種が花を食まないよう隔離され育成される
原生地でも同様に育てられてきた歴史を持ち
気位が高く自己中心的な気質が全体に見られる","ui\00_message\mandragora\mandragora_species_info.gmd","\ui\uGUIEncyclopedia.arc","uGUIEncyclopedia.arc","91","","Mandragora Info"
"92","MANDRAGORA_SPECIES_INFO_214","固有種の花を群生させたアルビノマンドラゴラ
マンドラゴラの複数栽培環境下では
アルビノ種が他種の頭部植物を食むことがあり
マンドラゴラ科で初めての共食いが確認された
命は奪わないよう根部には手を出さないようだ","固有種の花を群生させたアルビノマンドラゴラ
マンドラゴラの複数栽培環境下では
アルビノ種が他種の頭部植物を食むことがあり
マンドラゴラ科で初めての共食いが確認された
命は奪わないよう根部には手を出さないようだ","ui\00_message\mandragora\mandragora_species_info.gmd","\ui\uGUIEncyclopedia.arc","uGUIEncyclopedia.arc","92","","Mandragora Info"
"93","MANDRAGORA_SPECIES_INFO_215","異国の落葉樹が生えたアルビノマンドラゴラ
白い樹肌のアルビノ種とこの落葉樹の
組み合わせは「コマチ」という別名を持つ
花芽形成の時期に水分を十分に与え、根部にも
有機肥料を与え肥やしてやることが重要である","異国の落葉樹が生えたアルビノマンドラゴラ
白い樹肌のアルビノ種とこの落葉樹の
組み合わせは「コマチ」という別名を持つ
花芽形成の時期に水分を十分に与え、根部にも
有機肥料を与え肥やしてやることが重要である","ui\00_message\mandragora\mandragora_species_info.gmd","\ui\uGUIEncyclopedia.arc","uGUIEncyclopedia.arc","93","","Mandragora Info"
"94","MANDRAGORA_SPECIES_INFO_216","異国の樹花を咲かせたアルビノマンドラゴラ
一般的にマンドラゴラの頭部で育った落葉樹は
花の寿命が長く、時が止まった様と称される
しかしこの樹の花や葉は香り高く美味なため
アルビノ種は自ら毟り食べてしまうこともある","異国の樹花を咲かせたアルビノマンドラゴラ
一般的にマンドラゴラの頭部で育った落葉樹は
花の寿命が長く、時が止まった様と称される
しかしこの樹の花や葉は香り高く美味なため
アルビノ種は自ら毟り食べてしまうこともある","ui\00_message\mandragora\mandragora_species_info.gmd","\ui\uGUIEncyclopedia.arc","uGUIEncyclopedia.arc","94","","Mandragora Info"
"95","MANDRAGORA_SPECIES_INFO_217","異国の樹花が満開のアルビノマンドラゴラ
アルビノ種で咲かせることが難しいこの樹を
育て上げるには、非常に高い技術を要する
アルビノ種は香り高い花芽を食べてしまうため
マンドラカラーという器具を取り付けることも","異国の樹花が満開のアルビノマンドラゴラ
アルビノ種で咲かせることが難しいこの樹を
育て上げるには、非常に高い技術を要する
アルビノ種は香り高い花芽を食べてしまうため
マンドラカラーという器具を取り付けることも","ui\00_message\mandragora\mandragora_species_info.gmd","\ui\uGUIEncyclopedia.arc","uGUIEncyclopedia.arc","95","","Mandragora Info"
"96","MANDRAGORA_SPECIES_INFO_218","侵食キノコを成したアルビノマンドラゴラ
侵食による食欲増進の弊害によって
なんでも口に入れ、雑食な動物的側面が強い
しかしその分、何が進化の決め手となるか
分かりづらく、数多の養根家を悩ませている","侵食キノコを成したアルビノマンドラゴラ
侵食による食欲増進の弊害によって
なんでも口に入れ、雑食な動物的側面が強い
しかしその分、何が進化の決め手となるか
分かりづらく、数多の養根家を悩ませている","ui\00_message\mandragora\mandragora_species_info.gmd","\ui\uGUIEncyclopedia.arc","uGUIEncyclopedia.arc","96","","Mandragora Info"
"97","MANDRAGORA_SPECIES_INFO_219","侵食キノコを成したアルビノマンドラゴラ
鮮やかな赤は気が荒く、血の気の多い魔物を
好んで捕食した場合に色づくと言われている
個体自体も気性が激しく、肉をよく好むが
キノコの成長にはバランスの良い栄養が大切","侵食キノコを成したアルビノマンドラゴラ
鮮やかな赤は気が荒く、血の気の多い魔物を
好んで捕食した場合に色づくと言われている
個体自体も気性が激しく、肉をよく好むが
キノコの成長にはバランスの良い栄養が大切","ui\00_message\mandragora\mandragora_species_info.gmd","\ui\uGUIEncyclopedia.arc","uGUIEncyclopedia.arc","97","","Mandragora Info"
"98","MANDRAGORA_SPECIES_INFO_220","侵食キノコを成したアルビノマンドラゴラ
ベルベットのように非常に滑らかで美しく
またこの紫を発色するための肥料も非常に高価
古代の貝塚からは大量の巻貝が発掘されるが
紫色の染料を集め権力者へ捧げたためである","侵食キノコを成したアルビノマンドラゴラ
ベルベットのように非常に滑らかで美しく
またこの紫を発色するための肥料も非常に高価
古代の貝塚からは大量の巻貝が発掘されるが
紫色の染料を集め権力者へ捧げたためである","ui\00_message\mandragora\mandragora_species_info.gmd","\ui\uGUIEncyclopedia.arc","uGUIEncyclopedia.arc","98","","Mandragora Info"
"99","MANDRAGORA_SPECIES_INFO_221","侵食キノコを成したアルビノマンドラゴラ
侵食により食欲の増したアルビノ種は
小型の魔物なら角や牙までも丸呑みするため
角や牙の粉末を絵具の材料とするモローでは
害獣として駆除されることもあるという","侵食キノコを成したアルビノマンドラゴラ
侵食により食欲の増したアルビノ種は
小型の魔物なら角や牙までも丸呑みするため
角や牙の粉末を絵具の材料とするモローでは
害獣として駆除されることもあるという","ui\00_message\mandragora\mandragora_species_info.gmd","\ui\uGUIEncyclopedia.arc","uGUIEncyclopedia.arc","99","","Mandragora Info"
"100","MANDRAGORA_SPECIES_INFO_222","侵食キノコを成したアルビノマンドラゴラ
アルビノ種に生えるキノコは、色は鮮やかだが
無機物が多く含まれており食用には向かない
鮮やかな色及び成分は、アルビノ種が摂取する
小型の魔物などの角や牙が由来している","侵食キノコを成したアルビノマンドラゴラ
アルビノ種に生えるキノコは、色は鮮やかだが
無機物が多く含まれており食用には向かない
鮮やかな色及び成分は、アルビノ種が摂取する
小型の魔物などの角や牙が由来している","ui\00_message\mandragora\mandragora_species_info.gmd","\ui\uGUIEncyclopedia.arc","uGUIEncyclopedia.arc","100","","Mandragora Info"
"101","MANDRAGORA_SPECIES_INFO_223","侵食キノコを成したアルビノマンドラゴラ
牙の多い獣系の魔物が多く生息している地域に
発生しやすいマンドラゴラ
雑多な魔物の牙の硬質成分を溶かす強酸を持つ
美味しそうな見た目に反し取り扱いには要注意","侵食キノコを成したアルビノマンドラゴラ
牙の多い獣系の魔物が多く生息している地域に
発生しやすいマンドラゴラ
雑多な魔物の牙の硬質成分を溶かす強酸を持つ
美味しそうな見た目に反し取り扱いには要注意","ui\00_message\mandragora\mandragora_species_info.gmd","\ui\uGUIEncyclopedia.arc","uGUIEncyclopedia.arc","101","","Mandragora Info"
"102","MANDRAGORA_SPECIES_INFO_224","侵食キノコを成したアルビノマンドラゴラ
フィンダムでは、消し炭など食べ物とは
程遠い物を与えられたマンドラゴラが死ぬと
黒いキノコが生え、うっかり踏んだ主人を
死に至らしめるという寓話が存在する","侵食キノコを成したアルビノマンドラゴラ
フィンダムでは、消し炭など食べ物とは
程遠い物を与えられたマンドラゴラが死ぬと
黒いキノコが生え、うっかり踏んだ主人を
死に至らしめるという寓話が存在する","ui\00_message\mandragora\mandragora_species_info.gmd","\ui\uGUIEncyclopedia.arc","uGUIEncyclopedia.arc","102","","Mandragora Info"
"103","MANDRAGORA_SPECIES_INFO_225","侵食キノコを群生したアルビノマンドラゴラ
アルビノ種はその見た目からノーマル種より
弱い個体だと思われがちだが、実際は多様な
養分によりノーマル種よりも逞しく育ちやすい
群生したキノコは重さ10kg以上もある","侵食キノコを群生したアルビノマンドラゴラ
アルビノ種はその見た目からノーマル種より
弱い個体だと思われがちだが、実際は多様な
養分によりノーマル種よりも逞しく育ちやすい
群生したキノコは重さ10kg以上もある","ui\00_message\mandragora\mandragora_species_info.gmd","\ui\uGUIEncyclopedia.arc","uGUIEncyclopedia.arc","103","","Mandragora Info"
"104","MANDRAGORA_SPECIES_INFO_226","侵食キノコが群生したアルビノマンドラゴラ
血のように赤い目と傘はフィンダムの子供の
恐怖の対象となり、躾によく持ち出されている
しかしレスタニアの覚者によって多くの情報が
もたらされた近年の子供達には効果が薄い","侵食キノコが群生したアルビノマンドラゴラ
血のように赤い目と傘はフィンダムの子供の
恐怖の対象となり、躾によく持ち出されている
しかしレスタニアの覚者によって多くの情報が
もたらされた近年の子供達には効果が薄い","ui\00_message\mandragora\mandragora_species_info.gmd","\ui\uGUIEncyclopedia.arc","uGUIEncyclopedia.arc","104","","Mandragora Info"
"105","MANDRAGORA_SPECIES_INFO_227","侵食キノコが群生したアルビノマンドラゴラ
アルビノ種に生えたマンドラマッシュルームは
人間の食用にもマンドラゴラの餌にもならず
捨てるだけだと思われていたが、最新研究では
その強固さを生かした建材利用が進んでいる","侵食キノコが群生したアルビノマンドラゴラ
アルビノ種に生えたマンドラマッシュルームは
人間の食用にもマンドラゴラの餌にもならず
捨てるだけだと思われていたが、最新研究では
その強固さを生かした建材利用が進んでいる","ui\00_message\mandragora\mandragora_species_info.gmd","\ui\uGUIEncyclopedia.arc","uGUIEncyclopedia.arc","105","","Mandragora Info"
"106","MANDRAGORA_SPECIES_INFO_228","侵食キノコを群生したアルビノマンドラゴラ
磨きのかかった尊大さは他の追随を許さず
紫キノコの養根家はストレスで体調を崩すため
年々その数を減らしているという
キノコの多くは上流層の屋敷の床材となる","侵食キノコを群生したアルビノマンドラゴラ
磨きのかかった尊大さは他の追随を許さず
紫キノコの養根家はストレスで体調を崩すため
年々その数を減らしているという
キノコの多くは上流層の屋敷の床材となる","ui\00_message\mandragora\mandragora_species_info.gmd","\ui\uGUIEncyclopedia.arc","uGUIEncyclopedia.arc","106","","Mandragora Info"
"107","MANDRAGORA_SPECIES_INFO_229","侵食キノコを群生したアルビノマンドラゴラ
アルビノ種のマンドラマッシュルームは
近年建材としての人気が高まっており
大理石以上の値段に高騰している
最も安い白色でも1株5000Gはするという","侵食キノコを群生したアルビノマンドラゴラ
アルビノ種のマンドラマッシュルームは
近年建材としての人気が高まっており
大理石以上の値段に高騰している
最も安い白色でも1株5000Gはするという","ui\00_message\mandragora\mandragora_species_info.gmd","\ui\uGUIEncyclopedia.arc","uGUIEncyclopedia.arc","107","","Mandragora Info"
"108","MANDRAGORA_SPECIES_INFO_230","侵食キノコを群生したアルビノマンドラゴラ
ノーマル種のマッシュルームと似ているが
水に浸すと、石灰成分によって白く濁るため
誤食事例はほとんど見られない
食した牙の成分により、傘は石のように硬い","侵食キノコを群生したアルビノマンドラゴラ
ノーマル種のマッシュルームと似ているが
水に浸すと、石灰成分によって白く濁るため
誤食事例はほとんど見られない
食した牙の成分により、傘は石のように硬い","ui\00_message\mandragora\mandragora_species_info.gmd","\ui\uGUIEncyclopedia.arc","uGUIEncyclopedia.arc","108","","Mandragora Info"
