"0","0","《<AREA 3>》の《<STG 590>》で
""寝ているトロール""を見られるんですって！
近付いたら起きちゃうみたいだけど――
ねぇマスター、一緒に記念写真を
撮りに行きません？","《<AREA 3>》の《<STG 590>》で
""寝ているトロール""を見られるんですって！
近付いたら起きちゃうみたいだけど――
ねぇマスター、一緒に記念写真を
撮りに行きません？","ui\00_message\quest\q80201049.gmd","\quest\q80201049.arc","q80201049.arc","7","Partner Pawn","Quest Dialogue"
"0","0","<STG 120>にいって一緒に写真を撮りましょう","<STG 120>にいって一緒に写真を撮りましょう","ui\00_message\quest\q80201050.gmd","\quest\q80201050.arc","q80201050.arc","0","Partner Pawn","Quest Dialogue"
"0","0","<STG 120>で一緒に写真を撮ってみたいです","<STG 120>で一緒に写真を撮ってみたいです","ui\00_message\quest\q80201050.gmd","\quest\q80201050.arc","q80201050.arc","1","Partner Pawn","Quest Dialogue"
"0","0","<STG 120>に行きましょう！写真を撮りましょう！","<STG 120>に行きましょう！写真を撮りましょう！","ui\00_message\quest\q80201050.gmd","\quest\q80201050.arc","q80201050.arc","2","Partner Pawn","Quest Dialogue"
"0","0","<STG 120>で素晴らしい景色を見つけました
一緒に行ってみませんか","<STG 120>で素晴らしい景色を見つけました
一緒に行ってみませんか","ui\00_message\quest\q80201050.gmd","\quest\q80201050.arc","q80201050.arc","3","Partner Pawn","Quest Dialogue"
"0","0","<STG 120>で一緒に写真を撮ってもいいですよ","<STG 120>で一緒に写真を撮ってもいいですよ","ui\00_message\quest\q80201050.gmd","\quest\q80201050.arc","q80201050.arc","4","Partner Pawn","Quest Dialogue"
"0","0","<STG 120>に行って、一緒に写真を撮りたいです
いかがですか？","<STG 120>に行って、一緒に写真を撮りたいです
いかがですか？","ui\00_message\quest\q80201050.gmd","\quest\q80201050.arc","q80201050.arc","5","Partner Pawn","Quest Dialogue"
"0","0","<STG 120>へ今すぐ行こう！記念撮影だ！","<STG 120>へ今すぐ行こう！記念撮影だ！","ui\00_message\quest\q80201050.gmd","\quest\q80201050.arc","q80201050.arc","6","Partner Pawn","Quest Dialogue"
"0","0","<STG 120>に素敵な場所があるみたいよ
一緒に行って写真撮影なんてどう？","<STG 120>に素敵な場所があるみたいよ
一緒に行って写真撮影なんてどう？","ui\00_message\quest\q80201050.gmd","\quest\q80201050.arc","q80201050.arc","7","Partner Pawn","Quest Dialogue"
"0","0","アッカ―シェランの《<STG 443>》――
レスタニアの砦とどう異なるのか、興味があります
ぜひ《<STG 443>》内にある作戦室へ行き
記録として、覚者さまとの写真を撮りたいのですが
いかがでしょうか？","アッカ―シェランの《<STG 443>》――
レスタニアの砦とどう異なるのか、興味があります
ぜひ《<STG 443>》内にある作戦室へ行き
記録として、覚者さまとの写真を撮りたいのですが
いかがでしょうか？","ui\00_message\quest\q80301000.gmd","\quest\q80301000.arc","q80301000.arc","0","Partner Pawn","Quest Dialogue"
"0","0","アッカ―シェランの《<STG 443>》
何か学べることがあるかもしれないし
自分も、行ってみたいです
それで《<STG 443>》の作戦室で記録として
覚者さまと一緒に写真を撮れたら――と思います","アッカ―シェランの《<STG 443>》
何か学べることがあるかもしれないし
自分も、行ってみたいです
それで《<STG 443>》の作戦室で記録として
覚者さまと一緒に写真を撮れたら――と思います","ui\00_message\quest\q80301000.gmd","\quest\q80301000.arc","q80301000.arc","1","Partner Pawn","Quest Dialogue"
"0","0","アッカ―シェランの《<STG 443>》――
レスタニアも防衛上、参考になることが
あるかもしれません！
そうとなれば《<STG 443>》内の作戦室へ
共に行き、記録撮影を行いましょう！","アッカ―シェランの《<STG 443>》――
レスタニアも防衛上、参考になることが
あるかもしれません！
そうとなれば《<STG 443>》内の作戦室へ
共に行き、記録撮影を行いましょう！","ui\00_message\quest\q80301000.gmd","\quest\q80301000.arc","q80301000.arc","2","Partner Pawn","Quest Dialogue"
"0","0","アッカ―シェランの《<STG 443>》
レスタニア防衛上、参考になる点が見受けられる
そのため、まずは足がかりとして
《<STG 443>》内の作戦室へと訪れ
記録撮影を行うべきかと","アッカ―シェランの《<STG 443>》
レスタニア防衛上、参考になる点が見受けられる
そのため、まずは足がかりとして
《<STG 443>》内の作戦室へと訪れ
記録撮影を行うべきかと","ui\00_message\quest\q80301000.gmd","\quest\q80301000.arc","q80301000.arc","3","Partner Pawn","Quest Dialogue"
"0","0","アッカ―シェランの《<STG 443>》ですか
レスタニアの砦を防衛するうえで
何か参考にできる点があるやもしれません
いかがです、《<STG 443>》の作戦室へ
共に赴き、記録撮影を行いましょう","アッカ―シェランの《<STG 443>》ですか
レスタニアの砦を防衛するうえで
何か参考にできる点があるやもしれません
いかがです、《<STG 443>》の作戦室へ
共に赴き、記録撮影を行いましょう","ui\00_message\quest\q80301000.gmd","\quest\q80301000.arc","q80301000.arc","4","Partner Pawn","Quest Dialogue"
"0","0","アッカ―シェランの《<STG 443>》って
レスタニアの砦ととってもよく似てるね！
ぼくも見てみたいなぁ――
ねぇ覚者さま、《<STG 443>》へ行って
作戦室でいっしょに写真を撮りませんか？","アッカ―シェランの《<STG 443>》って
レスタニアの砦ととってもよく似てるね！
ぼくも見てみたいなぁ――
ねぇ覚者さま、《<STG 443>》へ行って
作戦室でいっしょに写真を撮りませんか？","ui\00_message\quest\q80301000.gmd","\quest\q80301000.arc","q80301000.arc","5","Partner Pawn","Quest Dialogue"
"0","0","アッカ―シェランの《<STG 443>》とやら
レスタニアの砦を防衛するうえでの
参考になるかもしれやせん
ぜひ一度、《<STG 443>》の作戦室へ行って
記録撮影しておくことをおすすめしますぜ","アッカ―シェランの《<STG 443>》とやら
レスタニアの砦を防衛するうえでの
参考になるかもしれやせん
ぜひ一度、《<STG 443>》の作戦室へ行って
記録撮影しておくことをおすすめしますぜ","ui\00_message\quest\q80301000.gmd","\quest\q80301000.arc","q80301000.arc","6","Partner Pawn","Quest Dialogue"
"0","0","アッカ―シェランの《<STG 443>》って所
防衛上、レスタニアの砦にも応用できる点は
ないかしら？
一度、《<STG 443>》の作戦室へ行ってみて
記録撮影したほうが良いんじゃないかしら","アッカ―シェランの《<STG 443>》って所
防衛上、レスタニアの砦にも応用できる点は
ないかしら？
一度、《<STG 443>》の作戦室へ行ってみて
記録撮影したほうが良いんじゃないかしら","ui\00_message\quest\q80301000.gmd","\quest\q80301000.arc","q80301000.arc","7","Partner Pawn","Quest Dialogue"
"0","0","覚者さま、《<STG 131>》に
レスタニアとは異なる様式の""朽ちた礼拝堂""が
あるそうですよ！
冒険の息抜きに、共に写真でも撮りに行きませんか？","覚者さま、《<STG 131>》に
レスタニアとは異なる様式の""朽ちた礼拝堂""が
あるそうですよ！
冒険の息抜きに、共に写真でも撮りに行きませんか？","ui\00_message\quest\q80301001.gmd","\quest\q80301001.arc","q80301001.arc","0","Partner Pawn","Quest Dialogue"
"0","0","覚者さま――《<STG 131>》に
レスタニアとは異なる様式の""朽ちた礼拝堂""が
あるんだそうです
気が向かれたら、その、一緒に見に行って
記念撮影でも、どうかと思って――","覚者さま――《<STG 131>》に
レスタニアとは異なる様式の""朽ちた礼拝堂""が
あるんだそうです
気が向かれたら、その、一緒に見に行って
記念撮影でも、どうかと思って――","ui\00_message\quest\q80301001.gmd","\quest\q80301001.arc","q80301001.arc","1","Partner Pawn","Quest Dialogue"
"0","0","聞いた話なのですが、マスター
《<STG 131>》にレスタニアとは
異なる様式の""朽ちた礼拝堂""があるそうですよ！
かの地の文化風俗をより知るためにも
共に記念撮影しに行きましょう！","聞いた話なのですが、マスター
《<STG 131>》にレスタニアとは
異なる様式の""朽ちた礼拝堂""があるそうですよ！
かの地の文化風俗をより知るためにも
共に記念撮影しに行きましょう！","ui\00_message\quest\q80301001.gmd","\quest\q80301001.arc","q80301001.arc","2","Partner Pawn","Quest Dialogue"
"0","0","《<STG 131>》にて
""朽ちた礼拝堂""が見られるとのこと
レスタニアとは異なるその様式――
共に出向き、記念に撮影することを勧める","《<STG 131>》にて
""朽ちた礼拝堂""が見られるとのこと
レスタニアとは異なるその様式――
共に出向き、記念に撮影することを勧める","ui\00_message\quest\q80301001.gmd","\quest\q80301001.arc","q80301001.arc","3","Partner Pawn","Quest Dialogue"
"0","0","《<STG 131>》に
その地の文化を反映した""朽ちた礼拝堂""があり
それはそれは美しいと評判だそうです
さて――芸術を愛で、そして記念の一枚を撮りに
繰り出すというのはいかがでしょう？","《<STG 131>》に
その地の文化を反映した""朽ちた礼拝堂""があり
それはそれは美しいと評判だそうです
さて――芸術を愛で、そして記念の一枚を撮りに
繰り出すというのはいかがでしょう？","ui\00_message\quest\q80301001.gmd","\quest\q80301001.arc","q80301001.arc","4","Partner Pawn","Quest Dialogue"
"0","0","《<STG 131>》に
レスタニアではあんまり見たことのない
""朽ちた礼拝堂""っていうのがあるそうですよ
ぼく、見に行ってみたいな――
そこで覚者さまと記念撮影してみたいんです！","《<STG 131>》に
レスタニアではあんまり見たことのない
""朽ちた礼拝堂""っていうのがあるそうですよ
ぼく、見に行ってみたいな――
そこで覚者さまと記念撮影してみたいんです！","ui\00_message\quest\q80301001.gmd","\quest\q80301001.arc","q80301001.arc","5","Partner Pawn","Quest Dialogue"
"0","0","覚者様――ご興味があるかは分かりませんがね
《<STG 131>》に
""朽ちた礼拝堂""があって、えらく見応えが
あるんだそうですぜ――
見物がてら記念撮影ってのはどうですかい？","覚者様――ご興味があるかは分かりませんがね
《<STG 131>》に
""朽ちた礼拝堂""があって、えらく見応えが
あるんだそうですぜ――
見物がてら記念撮影ってのはどうですかい？","ui\00_message\quest\q80301001.gmd","\quest\q80301001.arc","q80301001.arc","6","Partner Pawn","Quest Dialogue"
"0","0","《<STG 131>》に
レスタニアとはあまり見られない様式の
""朽ちた礼拝堂""があるらしいわ、マスター
せっかくだし――一緒に見に行きません？
二人で記念写真でも撮れたら、素敵だと思うの","《<STG 131>》に
レスタニアとはあまり見られない様式の
""朽ちた礼拝堂""があるらしいわ、マスター
せっかくだし――一緒に見に行きません？
二人で記念写真でも撮れたら、素敵だと思うの","ui\00_message\quest\q80301001.gmd","\quest\q80301001.arc","q80301001.arc","7","Partner Pawn","Quest Dialogue"
"0","0","人が「美しい」って思うものの勉強をしているんです
《<STG 448>》の《<NPC 679>》さまは
美しい方なのですよね――
あの――ぜひ、会わせていただけませんか
それから一緒に写真も撮れたら、いいなって――","人が「美しい」って思うものの勉強をしているんです
《<STG 448>》の《<NPC 679>》さまは
美しい方なのですよね――
あの――ぜひ、会わせていただけませんか
それから一緒に写真も撮れたら、いいなって――","ui\00_message\quest\q80301002.gmd","\quest\q80301002.arc","q80301002.arc","0","Partner Pawn","Quest Dialogue"
"0","0","《<STG 448>》の《<NPC 679>》様は
人の感覚で「美しい」とされる方なのですよね？
なるほど――やはり、直接お会いすべきでしょうね
マスター、私の美醜感覚育成のため
ぜひ、共に写真を撮らせてもらいに行きましょう！","《<STG 448>》の《<NPC 679>》様は
人の感覚で「美しい」とされる方なのですよね？
なるほど――やはり、直接お会いすべきでしょうね
マスター、私の美醜感覚育成のため
ぜひ、共に写真を撮らせてもらいに行きましょう！","ui\00_message\quest\q80301002.gmd","\quest\q80301002.arc","q80301002.arc","1","Partner Pawn","Quest Dialogue"
"0","0","未だ、人の美醜感覚について
完全なる理解には至らず――
主よ、「美しい」と定義される《<STG 448>》の
《<NPC 679>》殿にお会いし――
共に写真撮影することを望む","未だ、人の美醜感覚について
完全なる理解には至らず――
主よ、「美しい」と定義される《<STG 448>》の
《<NPC 679>》殿にお会いし――
共に写真撮影することを望む","ui\00_message\quest\q80301002.gmd","\quest\q80301002.arc","q80301002.arc","2","Partner Pawn","Quest Dialogue"
"0","0","より完璧なポーンになるため――
人が美しいと感じる《<STG 448>》の
《<NPC 679>》殿にお会いし、
共に写真を撮らせていただきたいのですが――
我が主よ、協力してくださいますね？","より完璧なポーンになるため――
人が美しいと感じる《<STG 448>》の
《<NPC 679>》殿にお会いし、
共に写真を撮らせていただきたいのですが――
我が主よ、協力してくださいますね？","ui\00_message\quest\q80301002.gmd","\quest\q80301002.arc","q80301002.arc","3","Partner Pawn","Quest Dialogue"
"0","0","どんな奴でも、中身が大切だとは思うんですがね
俺は美的感覚ってやつに疎いもんで、「美しい」と
噂される《<STG 448>》の《<NPC 679>》様に
勉強させてもらいてぇなと思ったんで――
一緒に写真を撮れたら、ありがてぇんですがね","どんな奴でも、中身が大切だとは思うんですがね
俺は美的感覚ってやつに疎いもんで、「美しい」と
噂される《<STG 448>》の《<NPC 679>》様に
勉強させてもらいてぇなと思ったんで――
一緒に写真を撮れたら、ありがてぇんですがね","ui\00_message\quest\q80301002.gmd","\quest\q80301002.arc","q80301002.arc","4","Partner Pawn","Quest Dialogue"
"0","0","《<STG 448>》の《<NPC 679>》様のように
あたしももっと美しくなりたいのだけど――
ねぇマスター、今からお会いしに行きません？
できれば一緒に写真を撮らせてもらえないかしら――
きっと人の感性についてのいい勉強にもなると思うの","《<STG 448>》の《<NPC 679>》様のように
あたしももっと美しくなりたいのだけど――
ねぇマスター、今からお会いしに行きません？
できれば一緒に写真を撮らせてもらえないかしら――
きっと人の感性についてのいい勉強にもなると思うの","ui\00_message\quest\q80301002.gmd","\quest\q80301002.arc","q80301002.arc","5","Partner Pawn","Quest Dialogue"
"0","0","《<STG 448>》の《<NPC 679>》さんみたいな
人が「きれい」と思うものを、ぼく見たいんです
ねぇ覚者さま！　今からお会いしに行きましょうよ！
それから、写真も一緒に撮れたらうれしいなぁ","《<STG 448>》の《<NPC 679>》さんみたいな
人が「きれい」と思うものを、ぼく見たいんです
ねぇ覚者さま！　今からお会いしに行きましょうよ！
それから、写真も一緒に撮れたらうれしいなぁ","ui\00_message\quest\q80301002.gmd","\quest\q80301002.arc","q80301002.arc","6","Partner Pawn","Quest Dialogue"
"0","0","覚者さま、人間の美醜感覚というものについて
学んでいるのですが――
人の感覚で「美しい」という《<STG 448>》の
《<NPC 679>》さまに会わせてもらえませんか？
そして、共に写真を撮らせていただきたいのです","覚者さま、人間の美醜感覚というものについて
学んでいるのですが――
人の感覚で「美しい」という《<STG 448>》の
《<NPC 679>》さまに会わせてもらえませんか？
そして、共に写真を撮らせていただきたいのです","ui\00_message\quest\q80301002.gmd","\quest\q80301002.arc","q80301002.arc","7","Partner Pawn","Quest Dialogue"
"0","0","覚者さま、《<STG 451>》の
《<NPC 3050>》さまには大変お世話に
なっていますし、このご恩を忘れないためにも
共に記念写真を撮らせていただきませんか？","覚者さま、《<STG 451>》の
《<NPC 3050>》さまには大変お世話に
なっていますし、このご恩を忘れないためにも
共に記念写真を撮らせていただきませんか？","ui\00_message\quest\q80301003.gmd","\quest\q80301003.arc","q80301003.arc","0","Partner Pawn","Quest Dialogue"
"0","0","《<STG 451>》の《<NPC 3050>》さまには
いつもすごくお世話になっているから
一緒に記念写真を撮れたらな、って思います――
あの、覚者さま――いかがですか？","《<STG 451>》の《<NPC 3050>》さまには
いつもすごくお世話になっているから
一緒に記念写真を撮れたらな、って思います――
あの、覚者さま――いかがですか？","ui\00_message\quest\q80301003.gmd","\quest\q80301003.arc","q80301003.arc","1","Partner Pawn","Quest Dialogue"
"0","0","我々は《<STG 451>》の《<NPC 3050>》様に
いつもお世話になっていると思うのです！
そこで、この恩を忘れぬため――共に記念写真を
撮らせていただきに参りませんか、マスター！","我々は《<STG 451>》の《<NPC 3050>》様に
いつもお世話になっていると思うのです！
そこで、この恩を忘れぬため――共に記念写真を
撮らせていただきに参りませんか、マスター！","ui\00_message\quest\q80301003.gmd","\quest\q80301003.arc","q80301003.arc","2","Partner Pawn","Quest Dialogue"
"0","0","日頃の恩を忘れぬため――
《<STG 451>》の《<NPC 3050>》殿と共に
記念撮影を行うことを進言する","日頃の恩を忘れぬため――
《<STG 451>》の《<NPC 3050>》殿と共に
記念撮影を行うことを進言する","ui\00_message\quest\q80301003.gmd","\quest\q80301003.arc","q80301003.arc","3","Partner Pawn","Quest Dialogue"
"0","0","《<STG 451>》の《<NPC 3050>》殿――
日頃より、私も恩義を感じているのです
この恩を忘れる前に、共に記念撮影をするべきだと
思うのですが、いかがでしょう？","《<STG 451>》の《<NPC 3050>》殿――
日頃より、私も恩義を感じているのです
この恩を忘れる前に、共に記念撮影をするべきだと
思うのですが、いかがでしょう？","ui\00_message\quest\q80301003.gmd","\quest\q80301003.arc","q80301003.arc","4","Partner Pawn","Quest Dialogue"
"0","0","《<STG 451>》の《<NPC 3050>》さまって
いつも優しくしてくれますよね！
お世話になってるから、一緒に記念写真を
撮りたいと思ったんです――覚者さまはどうですか？","《<STG 451>》の《<NPC 3050>》さまって
いつも優しくしてくれますよね！
お世話になってるから、一緒に記念写真を
撮りたいと思ったんです――覚者さまはどうですか？","ui\00_message\quest\q80301003.gmd","\quest\q80301003.arc","q80301003.arc","5","Partner Pawn","Quest Dialogue"
"0","0","こんなことを言うなんて、俺のガラじゃねえんですが
《<STG 451>》の《<NPC 3050>》様には
いつも世話になっちまってるし――
一緒に記念写真でも撮っとくのはどうですかい？","こんなことを言うなんて、俺のガラじゃねえんですが
《<STG 451>》の《<NPC 3050>》様には
いつも世話になっちまってるし――
一緒に記念写真でも撮っとくのはどうですかい？","ui\00_message\quest\q80301003.gmd","\quest\q80301003.arc","q80301003.arc","6","Partner Pawn","Quest Dialogue"
"0","0","ねぇ、《<STG 451>》の《<NPC 3050>》様には
いつもお世話になっているでしょう？
だから、一緒に写真を撮りたいなって思っているの
マスターはどうかしら？","ねぇ、《<STG 451>》の《<NPC 3050>》様には
いつもお世話になっているでしょう？
だから、一緒に写真を撮りたいなって思っているの
マスターはどうかしら？","ui\00_message\quest\q80301003.gmd","\quest\q80301003.arc","q80301003.arc","7","Partner Pawn","Quest Dialogue"
"0","0","《<AREA 19>》の《<SPOT 1092>》に
立派な火竜の像があり
火山を背にして、見応えがあるのだそうです
もしよろしければ、冒険の息抜きに
一緒に写真を撮りにいきませんか？","《<AREA 19>》の《<SPOT 1092>》に
立派な火竜の像があり
火山を背にして、見応えがあるのだそうです
もしよろしければ、冒険の息抜きに
一緒に写真を撮りにいきませんか？","ui\00_message\quest\q80301004.gmd","\quest\q80301004.arc","q80301004.arc","0","Partner Pawn","Quest Dialogue"
"0","0","あ、あの、《<AREA 19>》の《<SPOT 1092>》に
後ろには火山がそびえる、立派な火竜の像があって
とても見応えがあるんだそうです
その、たまには息抜きもいいかなと思って
記念写真――撮りに行きませんか？","あ、あの、《<AREA 19>》の《<SPOT 1092>》に
後ろには火山がそびえる、立派な火竜の像があって
とても見応えがあるんだそうです
その、たまには息抜きもいいかなと思って
記念写真――撮りに行きませんか？","ui\00_message\quest\q80301004.gmd","\quest\q80301004.arc","q80301004.arc","1","Partner Pawn","Quest Dialogue"
"0","0","《<AREA 19>》の《<SPOT 1092>》で
火山を背にした、立派な火竜の像があるそうです！
その壮大さをぜひこの目で見て、マスターと共に
記念写真を撮りたいと思うのですが
いかがでしょう？","《<AREA 19>》の《<SPOT 1092>》で
火山を背にした、立派な火竜の像があるそうです！
その壮大さをぜひこの目で見て、マスターと共に
記念写真を撮りたいと思うのですが
いかがでしょう？","ui\00_message\quest\q80301004.gmd","\quest\q80301004.arc","q80301004.arc","2","Partner Pawn","Quest Dialogue"
"0","0","《<AREA 19>》の《<SPOT 1092>》には
火山を背に建立された火竜像があるとのこと
――アッカ―シェランについて見識を深めるため
そして実際に訪れ、我々が訪れた記録として
記念撮影を行うことを勧める","《<AREA 19>》の《<SPOT 1092>》には
火山を背に建立された火竜像があるとのこと
――アッカ―シェランについて見識を深めるため
そして実際に訪れ、我々が訪れた記録として
記念撮影を行うことを勧める","ui\00_message\quest\q80301004.gmd","\quest\q80301004.arc","q80301004.arc","3","Partner Pawn","Quest Dialogue"
"0","0","《<AREA 19>》の《<SPOT 1092>》に
火山を背にした、立派な火竜の像があるそうです
アッカ―シェランという国の文化を
理解するために、いかがです？
共に出かけ、記念撮影でも","《<AREA 19>》の《<SPOT 1092>》に
火山を背にした、立派な火竜の像があるそうです
アッカ―シェランという国の文化を
理解するために、いかがです？
共に出かけ、記念撮影でも","ui\00_message\quest\q80301004.gmd","\quest\q80301004.arc","q80301004.arc","4","Partner Pawn","Quest Dialogue"
"0","0","《<AREA 19>》の《<SPOT 1092>》に
うしろに火山がある、火竜の像があるんですって！
すごーく立派で、迫力があるんだそうですよ
実際に見てみたいと思いませんか？
そこで覚者さまと一緒に、記念写真を撮りたいなぁ","《<AREA 19>》の《<SPOT 1092>》に
うしろに火山がある、火竜の像があるんですって！
すごーく立派で、迫力があるんだそうですよ
実際に見てみたいと思いませんか？
そこで覚者さまと一緒に、記念写真を撮りたいなぁ","ui\00_message\quest\q80301004.gmd","\quest\q80301004.arc","q80301004.arc","5","Partner Pawn","Quest Dialogue"
"0","0","《<AREA 19>》の《<SPOT 1092>》に
火山を背にした、立派な火竜像があるんだとか
価値は分からねえが、なかなか壮観な眺めだそうで！
息抜きにそこまで出かけて、一緒に記念撮影でも――
と思ったんですが、いかがです？","《<AREA 19>》の《<SPOT 1092>》に
火山を背にした、立派な火竜像があるんだとか
価値は分からねえが、なかなか壮観な眺めだそうで！
息抜きにそこまで出かけて、一緒に記念撮影でも――
と思ったんですが、いかがです？","ui\00_message\quest\q80301004.gmd","\quest\q80301004.arc","q80301004.arc","6","Partner Pawn","Quest Dialogue"
"0","0","《<AREA 19>》の《<SPOT 1092>》に
火山を背にした、立派な火竜の像があるそうよ
――ねえマスター、あたしたちもそこで
記念写真を撮りに行きません？
駄目かしら？","《<AREA 19>》の《<SPOT 1092>》に
火山を背にした、立派な火竜の像があるそうよ
――ねえマスター、あたしたちもそこで
記念写真を撮りに行きません？
駄目かしら？","ui\00_message\quest\q80301004.gmd","\quest\q80301004.arc","q80301004.arc","7","Partner Pawn","Quest Dialogue"
"0","0","《<SPOT 1093>》に、息をのむような
絶景があるそうです
滝がとても綺麗なのだとか――
もしよろしかったら、一緒に行きませんか？
記念写真を撮れば、きっと良い思い出になりますよ","《<SPOT 1093>》に、息をのむような
絶景があるそうです
滝がとても綺麗なのだとか――
もしよろしかったら、一緒に行きませんか？
記念写真を撮れば、きっと良い思い出になりますよ","ui\00_message\quest\q80301005.gmd","\quest\q80301005.arc","q80301005.arc","0","Partner Pawn","Quest Dialogue"
"0","0","《<SPOT 1093>》に
滝がとてもきれいな場所があるのだとか――
もし良かったら、行きませんか？
それで、その――一緒に行って写真が取れたら
すごく嬉しいな、って思います","《<SPOT 1093>》に
滝がとてもきれいな場所があるのだとか――
もし良かったら、行きませんか？
それで、その――一緒に行って写真が取れたら
すごく嬉しいな、って思います","ui\00_message\quest\q80301005.gmd","\quest\q80301005.arc","q80301005.arc","1","Partner Pawn","Quest Dialogue"
"0","0","《<SPOT 1093>》へ素晴らしい景色を
見に行きませんか？
滝が、とても美しく
見える場所があるそうです！
共に写真を撮れば、きっと良い気分転換になりますよ","《<SPOT 1093>》へ素晴らしい景色を
見に行きませんか？
滝が、とても美しく
見える場所があるそうです！
共に写真を撮れば、きっと良い気分転換になりますよ","ui\00_message\quest\q80301005.gmd","\quest\q80301005.arc","q80301005.arc","2","Partner Pawn","Quest Dialogue"
"0","0","《<SPOT 1093>》にて
滝の壮麗な景色ありとのこと
主の興味を惹くようであれば――
共に向かい、記念撮影を行うのが良いかと","《<SPOT 1093>》にて
滝の壮麗な景色ありとのこと
主の興味を惹くようであれば――
共に向かい、記念撮影を行うのが良いかと","ui\00_message\quest\q80301005.gmd","\quest\q80301005.arc","q80301005.arc","3","Partner Pawn","Quest Dialogue"
"0","0","《<SPOT 1093>》に絶景があるそうです
滝が素晴らしく美しい場所と
聞いていますからね――
この美しき主従の背景とするにふさわしい
場所かと確信していますが――いかがです？","《<SPOT 1093>》に絶景があるそうです
滝が素晴らしく美しい場所と
聞いていますからね――
この美しき主従の背景とするにふさわしい
場所かと確信していますが――いかがです？","ui\00_message\quest\q80301005.gmd","\quest\q80301005.arc","q80301005.arc","4","Partner Pawn","Quest Dialogue"
"0","0","《<SPOT 1093>》に
滝がすごく綺麗に見える場所があるそうですよ！
ぼく、そこで覚者さまと一緒に
写真を撮りたいです！
――ダメですか？","《<SPOT 1093>》に
滝がすごく綺麗に見える場所があるそうですよ！
ぼく、そこで覚者さまと一緒に
写真を撮りたいです！
――ダメですか？","ui\00_message\quest\q80301005.gmd","\quest\q80301005.arc","q80301005.arc","5","Partner Pawn","Quest Dialogue"
"0","0","《<SPOT 1093>》で滝が
綺麗に見える場所を教えてもらったんです
興味はありますかい？
良かったら、一緒に見に行って
記念写真でもどうですかね","《<SPOT 1093>》で滝が
綺麗に見える場所を教えてもらったんです
興味はありますかい？
良かったら、一緒に見に行って
記念写真でもどうですかね","ui\00_message\quest\q80301005.gmd","\quest\q80301005.arc","q80301005.arc","6","Partner Pawn","Quest Dialogue"
"0","0","《<SPOT 1093>》に素敵な景色があって
滝がよく見えるそうなの
ね、マスター、一緒に行ってみない？
あたし、そこでマスターと一緒に写真を撮って――
思い出が欲しいわ","《<SPOT 1093>》に素敵な景色があって
滝がよく見えるそうなの
ね、マスター、一緒に行ってみない？
あたし、そこでマスターと一緒に写真を撮って――
思い出が欲しいわ","ui\00_message\quest\q80301005.gmd","\quest\q80301005.arc","q80301005.arc","7","Partner Pawn","Quest Dialogue"
"0","0","<STG 130>にいって一緒に写真を撮りましょう","<STG 130>にいって一緒に写真を撮りましょう","ui\00_message\quest\q80301006.gmd","\quest\q80301006.arc","q80301006.arc","0","Partner Pawn","Quest Dialogue"
"0","0","<STG 130>で一緒に写真を撮ってみたいです","<STG 130>で一緒に写真を撮ってみたいです","ui\00_message\quest\q80301006.gmd","\quest\q80301006.arc","q80301006.arc","1","Partner Pawn","Quest Dialogue"
"0","0","<STG 130>に行きましょう！写真を撮りましょう！","<STG 130>に行きましょう！写真を撮りましょう！","ui\00_message\quest\q80301006.gmd","\quest\q80301006.arc","q80301006.arc","2","Partner Pawn","Quest Dialogue"
"0","0","<STG 130>で素晴らしい景色を見つけました
一緒に行ってみませんか","<STG 130>で素晴らしい景色を見つけました
一緒に行ってみませんか","ui\00_message\quest\q80301006.gmd","\quest\q80301006.arc","q80301006.arc","3","Partner Pawn","Quest Dialogue"
"0","0","<STG 130>で一緒に写真を撮ってもいいですよ","<STG 130>で一緒に写真を撮ってもいいですよ","ui\00_message\quest\q80301006.gmd","\quest\q80301006.arc","q80301006.arc","4","Partner Pawn","Quest Dialogue"
"0","0","<STG 130>に行って、一緒に写真を撮りたいです
いかがですか？","<STG 130>に行って、一緒に写真を撮りたいです
いかがですか？","ui\00_message\quest\q80301006.gmd","\quest\q80301006.arc","q80301006.arc","5","Partner Pawn","Quest Dialogue"
"0","0","<STG 130>へ今すぐ行こう！記念撮影だ！","<STG 130>へ今すぐ行こう！記念撮影だ！","ui\00_message\quest\q80301006.gmd","\quest\q80301006.arc","q80301006.arc","6","Partner Pawn","Quest Dialogue"
"0","0","<STG 130>に素敵な場所があるみたいよ
一緒に行って写真撮影なんてどう？","<STG 130>に素敵な場所があるみたいよ
一緒に行って写真撮影なんてどう？","ui\00_message\quest\q80301006.gmd","\quest\q80301006.arc","q80301006.arc","7","Partner Pawn","Quest Dialogue"
"0","0","砦外から兵士さんたちが帰還したようなの
きっと疲れてると思うから
暖かい料理をふるまってあげたいの
ねぇ、一緒に手伝ってくれないかな？","砦外から兵士さんたちが帰還したようなの
きっと疲れてると思うから
暖かい料理をふるまってあげたいの
ねぇ、一緒に手伝ってくれないかな？","ui\00_message\quest\q80301050.gmd","\quest\q80301050.arc","q80301050.arc","0","Carrie","Quest Dialogue"
"0","0","帰還した兵士さんたちは
<STG 443>の中で休んでるって――
暖かい料理をふるまいたいから
手伝ってくれないかな？","帰還した兵士さんたちは
<STG 443>の中で休んでるって――
暖かい料理をふるまいたいから
手伝ってくれないかな？","ui\00_message\quest\q80301050.gmd","\quest\q80301050.arc","q80301050.arc","1","Carrie","Quest Dialogue"
"0","0","手伝う","手伝う","ui\00_message\quest\q80301050.gmd","\quest\q80301050.arc","q80301050.arc","2","Carrie","Quest Dialogue"
"0","0","――少し考えさせてくれ","――少し考えさせてくれ","ui\00_message\quest\q80301050.gmd","\quest\q80301050.arc","q80301050.arc","3","Carrie","Quest Dialogue"
"0","0","さあ！　暖かい料理が出来たよ！
料理が冷めないうちに、砦内の
疲れた兵士さんたちに運んであげなきゃね","さあ！　暖かい料理が出来たよ！
料理が冷めないうちに、砦内の
疲れた兵士さんたちに運んであげなきゃね","ui\00_message\quest\q80301050.gmd","\quest\q80301050.arc","q80301050.arc","4","Carrie","Quest Dialogue"
"0","0","兵士さんたちはみんな――
ぐったりしていると思うから
まわりをよく見ながら運んでね","兵士さんたちはみんな――
ぐったりしていると思うから
まわりをよく見ながら運んでね","ui\00_message\quest\q80301050.gmd","\quest\q80301050.arc","q80301050.arc","5","Carrie","Quest Dialogue"
"0","0","それと、料理が冷めちゃわないように
――時間に気を付けて！","それと、料理が冷めちゃわないように
――時間に気を付けて！","ui\00_message\quest\q80301050.gmd","\quest\q80301050.arc","q80301050.arc","6","Carrie","Quest Dialogue"
"0","0","うん！　料理が冷めないうちに
すべて運んでくれたみたいだね！","うん！　料理が冷めないうちに
すべて運んでくれたみたいだね！","ui\00_message\quest\q80301050.gmd","\quest\q80301050.arc","q80301050.arc","7","Carrie","Quest Dialogue"
"0","0","兵士さんたちもすっごく喜んでくれて
アタシもうれしくなっちゃった！","兵士さんたちもすっごく喜んでくれて
アタシもうれしくなっちゃった！","ui\00_message\quest\q80301050.gmd","\quest\q80301050.arc","q80301050.arc","8","Carrie","Quest Dialogue"
"0","0","ああ、残念！　料理が冷めちゃった！
冷めた料理じゃ、疲れた兵士さんたちを
元気にはしてあげられない","ああ、残念！　料理が冷めちゃった！
冷めた料理じゃ、疲れた兵士さんたちを
元気にはしてあげられない","ui\00_message\quest\q80301050.gmd","\quest\q80301050.arc","q80301050.arc","9","Carrie","Quest Dialogue"
"0","0","<STG 448>に戻って
温かい料理を作り直して
出直そう――","<STG 448>に戻って
温かい料理を作り直して
出直そう――","ui\00_message\quest\q80301050.gmd","\quest\q80301050.arc","q80301050.arc","10","Carrie","Quest Dialogue"
"0","0","暖かい料理をありがとう――
疲れがとれそうです","暖かい料理をありがとう――
疲れがとれそうです","ui\00_message\quest\q80301050.gmd","\quest\q80301050.arc","q80301050.arc","11","Dean","Quest Dialogue"
"0","0","料理が冷めちゃわないうちに――がんばって探さなくっちゃね！","料理が冷めちゃわないうちに――がんばって探さなくっちゃね！","ui\00_message\quest\q80301050.gmd","\quest\q80301050.arc","q80301050.arc","12","Carrie","Quest Dialogue"
"0","0","無事――ふるまえてよかった！　協力ありがとう！","無事――ふるまえてよかった！　協力ありがとう！","ui\00_message\quest\q80301050.gmd","\quest\q80301050.arc","q80301050.arc","13","Carrie","Quest Dialogue"
"0","0","ではさっそく<STG 443>で
待ち合わせようよ
手伝ってくれてありがとうね！","ではさっそく<STG 443>で
待ち合わせようよ
手伝ってくれてありがとうね！","ui\00_message\quest\q80301050.gmd","\quest\q80301050.arc","q80301050.arc","16","Carrie","Quest Dialogue"
"0","0","そっかーしょうがないね
また協力できそうだったら
よろしくね！","そっかーしょうがないね
また協力できそうだったら
よろしくね！","ui\00_message\quest\q80301050.gmd","\quest\q80301050.arc","q80301050.arc","17","Carrie","Quest Dialogue"
"0","0","兵士さんたちはみんな――
ぐったりしていると思うから
まわりをよく見ながら運んでね","兵士さんたちはみんな――
ぐったりしていると思うから
まわりをよく見ながら運んでね","ui\00_message\quest\q80301050.gmd","\quest\q80301050.arc","q80301050.arc","18","Carrie","Quest Dialogue"
"0","0","それと、料理が冷めちゃわないように
――時間に気を付けて！","それと、料理が冷めちゃわないように
――時間に気を付けて！","ui\00_message\quest\q80301050.gmd","\quest\q80301050.arc","q80301050.arc","19","Carrie","Quest Dialogue"
"0","0","ではさっそく<STG 443>で
待ち合わせようよ","ではさっそく<STG 443>で
待ち合わせようよ","ui\00_message\quest\q80301050.gmd","\quest\q80301050.arc","q80301050.arc","20","Carrie","Quest Dialogue"
"0","0","ほんと手伝ってくれてありがとうね！","ほんと手伝ってくれてありがとうね！","ui\00_message\quest\q80301050.gmd","\quest\q80301050.arc","q80301050.arc","21","Carrie","Quest Dialogue"
"0","0","美味そうないい匂いだ――
いかん――
なぜか涙が出てきそうだ","美味そうないい匂いだ――
いかん――
なぜか涙が出てきそうだ","ui\00_message\quest\q80301050.gmd","\quest\q80301050.arc","q80301050.arc","22","Dean","Quest Dialogue"
"0","0","これは――
すごく腹が減っていたので
助かります","これは――
すごく腹が減っていたので
助かります","ui\00_message\quest\q80301050.gmd","\quest\q80301050.arc","q80301050.arc","23","Derek","Quest Dialogue"
"0","0","ありがたく
いただくとするよ","ありがたく
いただくとするよ","ui\00_message\quest\q80301050.gmd","\quest\q80301050.arc","q80301050.arc","24","Derek","Quest Dialogue"
"0","0","ぜひ気になるなら
用事を聞いてやってくれ","ぜひ気になるなら
用事を聞いてやってくれ","ui\00_message\quest\q80301050.gmd","\quest\q80301050.arc","q80301050.arc","30","Elton","Quest Dialogue"
"0","0","ねえ、前線で戦ってる解放軍の人たちにも
おいしい料理を作ってあげたくてさ
それでこれから<SPOT 1032> に
行こうと思ってるんだ","ねえ、前線で戦ってる解放軍の人たちにも
おいしい料理を作ってあげたくてさ
それでこれから<SPOT 1032> に
行こうと思ってるんだ","ui\00_message\quest\q80301051.gmd","\quest\q80301051.arc","q80301051.arc","0","Carrie","Quest Dialogue"
"0","0","それでね――
調理の準備とか、何かと色々あるから
向こうで手伝ってくれたら嬉しいな――","それでね――
調理の準備とか、何かと色々あるから
向こうで手伝ってくれたら嬉しいな――","ui\00_message\quest\q80301051.gmd","\quest\q80301051.arc","q80301051.arc","1","Carrie","Quest Dialogue"
"0","0","アタシ、いろんな調理器具を持って
一足先に<SPOT 1032> に向かうね
向こうで合流しよう","アタシ、いろんな調理器具を持って
一足先に<SPOT 1032> に向かうね
向こうで合流しよう","ui\00_message\quest\q80301051.gmd","\quest\q80301051.arc","q80301051.arc","2","Carrie","Quest Dialogue"
"0","0","うーん、調理を始めてみたんだけれど
いま一つ、良い感じの味に仕上がらないんだよね","うーん、調理を始めてみたんだけれど
いま一つ、良い感じの味に仕上がらないんだよね","ui\00_message\quest\q80301051.gmd","\quest\q80301051.arc","q80301051.arc","3","Carrie","Quest Dialogue"
"0","0","それでさ、もっとおいしい料理を作るために
必要な器具の代わりとなる材料を
持ってきてくれないかな","それでさ、もっとおいしい料理を作るために
必要な器具の代わりとなる材料を
持ってきてくれないかな","ui\00_message\quest\q80301051.gmd","\quest\q80301051.arc","q80301051.arc","4","Carrie","Quest Dialogue"
"0","0","うーんと、うん、まだ足りないかも
ここで戦う解放軍の人たちにも
素敵な料理、なんとか作ってあげたいしね！","うーんと、うん、まだ足りないかも
ここで戦う解放軍の人たちにも
素敵な料理、なんとか作ってあげたいしね！","ui\00_message\quest\q80301051.gmd","\quest\q80301051.arc","q80301051.arc","5","Carrie","Quest Dialogue"
"0","0","あー！　これで材料が揃ったみたい！
よし！　ここからはアタシの腕の見せどころだね","あー！　これで材料が揃ったみたい！
よし！　ここからはアタシの腕の見せどころだね","ui\00_message\quest\q80301051.gmd","\quest\q80301051.arc","q80301051.arc","6","Carrie","Quest Dialogue"
"0","0","元気が出るおいしーい料理を
山ほど作るぞお！
それで、みんなを笑顔にしてやるんだ！","元気が出るおいしーい料理を
山ほど作るぞお！
それで、みんなを笑顔にしてやるんだ！","ui\00_message\quest\q80301051.gmd","\quest\q80301051.arc","q80301051.arc","7","Carrie","Quest Dialogue"
"0","0","<NPC 581>が――
<SPOT 1031>に仕掛けた罠を
見に行くって出て行ったんだけれど
ほんとに大丈夫かな？","<NPC 581>が――
<SPOT 1031>に仕掛けた罠を
見に行くって出て行ったんだけれど
ほんとに大丈夫かな？","ui\00_message\quest\q80301052.gmd","\quest\q80301052.arc","q80301052.arc","0","Carrie","Quest Dialogue"
"0","0","心配であわてて――
アタシ何も持たずに来ちゃった","心配であわてて――
アタシ何も持たずに来ちゃった","ui\00_message\quest\q80301052.gmd","\quest\q80301052.arc","q80301052.arc","4","Carrie","Quest Dialogue"
"0","0","罠のある場所を教えるから
探しに行ってくれないかな？","罠のある場所を教えるから
探しに行ってくれないかな？","ui\00_message\quest\q80301052.gmd","\quest\q80301052.arc","q80301052.arc","5","Carrie","Quest Dialogue"
"0","0","罠のある場所を教えるから
探しに行ってくれないかな？","罠のある場所を教えるから
探しに行ってくれないかな？","ui\00_message\quest\q80301052.gmd","\quest\q80301052.arc","q80301052.arc","6","Carrie","Quest Dialogue"
"0","0","心配であわてて――
アタシ何も持たずに来ちゃった","心配であわてて――
アタシ何も持たずに来ちゃった","ui\00_message\quest\q80301052.gmd","\quest\q80301052.arc","q80301052.arc","7","Carrie","Quest Dialogue"
"0","0","<NPC 581>が――
無事に見つかってよかった！
もう少しで敵に連れてかれる所だったんだね","<NPC 581>が――
無事に見つかってよかった！
もう少しで敵に連れてかれる所だったんだね","ui\00_message\quest\q80301052.gmd","\quest\q80301052.arc","q80301052.arc","10","Carrie","Quest Dialogue"
"0","0","あとは自分で戻ってこれると
思うから、アタシ待ってます
手伝ってくれて、ほんとにありがとう！","あとは自分で戻ってこれると
思うから、アタシ待ってます
手伝ってくれて、ほんとにありがとう！","ui\00_message\quest\q80301052.gmd","\quest\q80301052.arc","q80301052.arc","11","Carrie","Quest Dialogue"
"0","0","あ、隊長！
いいところに来たね！","あ、隊長！
いいところに来たね！","ui\00_message\quest\q80301060.gmd","\quest\q80301060.arc","q80301060.arc","0","Sonel","Quest Dialogue"
"0","0","実は、たった今いい作戦を思いついてね
城の兵たち何人かに頼みたいことがあるんだ","実は、たった今いい作戦を思いついてね
城の兵たち何人かに頼みたいことがあるんだ","ui\00_message\quest\q80301060.gmd","\quest\q80301060.arc","q80301060.arc","1","Sonel","Quest Dialogue"
"0","0","でも、この展望城――
城の人間が迷うくらい広くて複雑だからね
人探しも大変なんだ","でも、この展望城――
城の人間が迷うくらい広くて複雑だからね
人探しも大変なんだ","ui\00_message\quest\q80301060.gmd","\quest\q80301060.arc","q80301060.arc","2","Sonel","Quest Dialogue"
"0","0","ボクが作戦を忘れないうちに
急いで探したいんだけど
隊長も手伝ってくれないかな？","ボクが作戦を忘れないうちに
急いで探したいんだけど
隊長も手伝ってくれないかな？","ui\00_message\quest\q80301060.gmd","\quest\q80301060.arc","q80301060.arc","3","Sonel","Quest Dialogue"
"0","0","ありがとう！
やはり、いつだって頼れるのは隊長だけさ！","ありがとう！
やはり、いつだって頼れるのは隊長だけさ！","ui\00_message\quest\q80301060.gmd","\quest\q80301060.arc","q80301060.arc","4","Sonel","Quest Dialogue"
"0","0","僕が探している兵たちは――
<STG 451>のどこかにいるはずさ","僕が探している兵たちは――
<STG 451>のどこかにいるはずさ","ui\00_message\quest\q80301060.gmd","\quest\q80301060.arc","q80301060.arc","5","Sonel","Quest Dialogue"
"0","0","あぁ！　早くしないと
さっき思いついたばかりの作戦を
もう忘れてしまいそうだ！","あぁ！　早くしないと
さっき思いついたばかりの作戦を
もう忘れてしまいそうだ！","ui\00_message\quest\q80301060.gmd","\quest\q80301060.arc","q80301060.arc","6","Sonel","Quest Dialogue"
"0","0","急いで探す","急いで探す","ui\00_message\quest\q80301060.gmd","\quest\q80301060.arc","q80301060.arc","7","Sonel","Quest Dialogue"
"0","0","――少し待ってほしい","――少し待ってほしい","ui\00_message\quest\q80301060.gmd","\quest\q80301060.arc","q80301060.arc","8","Sonel","Quest Dialogue"
"0","0","よし！　早速兵たちを探そう！
どこにいるか分からないから
周囲をよく見ながら探さないとね！","よし！　早速兵たちを探そう！
どこにいるか分からないから
周囲をよく見ながら探さないとね！","ui\00_message\quest\q80301060.gmd","\quest\q80301060.arc","q80301060.arc","9","Sonel","Quest Dialogue"
"0","0","さぁ、時間との勝負だ！　隊長！","さぁ、時間との勝負だ！　隊長！","ui\00_message\quest\q80301060.gmd","\quest\q80301060.arc","q80301060.arc","10","Sonel","Quest Dialogue"
"0","0","いやぁ、危うく全部忘れるところだったよ
あんな作戦、もう二度と思いつけないと思ったからね！
ありがとう隊長！","いやぁ、危うく全部忘れるところだったよ
あんな作戦、もう二度と思いつけないと思ったからね！
ありがとう隊長！","ui\00_message\quest\q80301060.gmd","\quest\q80301060.arc","q80301060.arc","11","Sonel","Quest Dialogue"
"0","0","あんな――あれ？
ええっと、確かなんか作戦が――あって
それが――どうとか――","あんな――あれ？
ええっと、確かなんか作戦が――あって
それが――どうとか――","ui\00_message\quest\q80301060.gmd","\quest\q80301060.arc","q80301060.arc","12","Sonel","Quest Dialogue"
"0","0","隊長！","隊長！","ui\00_message\quest\q80301060.gmd","\quest\q80301060.arc","q80301060.arc","13","Sonel","Quest Dialogue"
"0","0","安心したら、きれいサッパリ忘れてしまったよ！
こいつはケッサクだね！","安心したら、きれいサッパリ忘れてしまったよ！
こいつはケッサクだね！","ui\00_message\quest\q80301060.gmd","\quest\q80301060.arc","q80301060.arc","14","Sonel","Quest Dialogue"
"0","0","あっ","あっ","ui\00_message\quest\q80301060.gmd","\quest\q80301060.arc","q80301060.arc","15","Sonel","Quest Dialogue"
"0","0","あっはっ","あっはっ","ui\00_message\quest\q80301060.gmd","\quest\q80301060.arc","q80301060.arc","16","Sonel","Quest Dialogue"
"0","0","あっはっはっ","あっはっはっ","ui\00_message\quest\q80301060.gmd","\quest\q80301060.arc","q80301060.arc","17","Sonel","Quest Dialogue"
"0","0","あっはっはっはっ！","あっはっはっはっ！","ui\00_message\quest\q80301060.gmd","\quest\q80301060.arc","q80301060.arc","18","Sonel","Quest Dialogue"
"0","0","そもそも、なんで隊長がここに？
おかしいな、まったく思い出せないぞ","そもそも、なんで隊長がここに？
おかしいな、まったく思い出せないぞ","ui\00_message\quest\q80301060.gmd","\quest\q80301060.arc","q80301060.arc","20","Sonel","Quest Dialogue"
"0","0","しかたない、一旦キャンプに戻ろう
お気に入りのオブジェを眺めていれば
そのうちきっと思い出すさ！","しかたない、一旦キャンプに戻ろう
お気に入りのオブジェを眺めていれば
そのうちきっと思い出すさ！","ui\00_message\quest\q80301060.gmd","\quest\q80301060.arc","q80301060.arc","21","Sonel","Quest Dialogue"
"0","0","隊長！　忘れないうちに早く探そう！","隊長！　忘れないうちに早く探そう！","ui\00_message\quest\q80301060.gmd","\quest\q80301060.arc","q80301060.arc","22","Sonel","Quest Dialogue"
"0","0","なんとか間に合ったよ！　ありがとう隊長！","なんとか間に合ったよ！　ありがとう隊長！","ui\00_message\quest\q80301060.gmd","\quest\q80301060.arc","q80301060.arc","23","Sonel","Quest Dialogue"
"0","0","やばい――やばいぞ隊長！　記憶が薄れてきた！","やばい――やばいぞ隊長！　記憶が薄れてきた！","ui\00_message\quest\q80301060.gmd","\quest\q80301060.arc","q80301060.arc","24","Sonel","Quest Dialogue"
"0","0","隊長――どうやら、間に合わなかったようだ――","隊長――どうやら、間に合わなかったようだ――","ui\00_message\quest\q80301060.gmd","\quest\q80301060.arc","q80301060.arc","25","Sonel","Quest Dialogue"
"0","0","よし、<STG 451>で待ち合わせをしよう！
ボクもすぐに行くよ！","よし、<STG 451>で待ち合わせをしよう！
ボクもすぐに行くよ！","ui\00_message\quest\q80301060.gmd","\quest\q80301060.arc","q80301060.arc","26","Sonel","Quest Dialogue"
"0","0","あ――","あ――","ui\00_message\quest\q80301060.gmd","\quest\q80301060.arc","q80301060.arc","27","Sonel","Quest Dialogue"
"0","0","隊長、ボクの記憶は
ちょっと待てなかったようだ！","隊長、ボクの記憶は
ちょっと待てなかったようだ！","ui\00_message\quest\q80301060.gmd","\quest\q80301060.arc","q80301060.arc","28","Sonel","Quest Dialogue"
"0","0","すまないが、また思い出した頃に
よろしく頼んだよ！","すまないが、また思い出した頃に
よろしく頼んだよ！","ui\00_message\quest\q80301060.gmd","\quest\q80301060.arc","q80301060.arc","29","Sonel","Quest Dialogue"
"0","0","探してる兵たちは、皆<STG 451>にいるが
どこにいるか分からないから
周囲をよく見ながら探さないとね！","探してる兵たちは、皆<STG 451>にいるが
どこにいるか分からないから
周囲をよく見ながら探さないとね！","ui\00_message\quest\q80301060.gmd","\quest\q80301060.arc","q80301060.arc","30","Sonel","Quest Dialogue"
"0","0","一歩進めば作戦を１つ忘れてしまいそうだ！
さ、急いで探しに行こう！","一歩進めば作戦を１つ忘れてしまいそうだ！
さ、急いで探しに行こう！","ui\00_message\quest\q80301060.gmd","\quest\q80301060.arc","q80301060.arc","31","Sonel","Quest Dialogue"
"0","0","よし、<STG 451>で待ち合わせをしよう！
ボクもすぐに行くよ！","よし、<STG 451>で待ち合わせをしよう！
ボクもすぐに行くよ！","ui\00_message\quest\q80301060.gmd","\quest\q80301060.arc","q80301060.arc","32","Sonel","Quest Dialogue"
"0","0","はぁ――妙な作戦だが――
言いたいことはわかった","はぁ――妙な作戦だが――
言いたいことはわかった","ui\00_message\quest\q80301060.gmd","\quest\q80301060.arc","q80301060.arc","33","Dean","Quest Dialogue"
"0","0","まぁ任せとけよ
""見分け方""なら大丈夫だ","まぁ任せとけよ
""見分け方""なら大丈夫だ","ui\00_message\quest\q80301060.gmd","\quest\q80301060.arc","q80301060.arc","34","Dean","Quest Dialogue"
"0","0","俺たちにとって、大事なのは作戦の内容じゃない
""ソネル様が考えた作戦""っていう
事実だけなんだ","俺たちにとって、大事なのは作戦の内容じゃない
""ソネル様が考えた作戦""っていう
事実だけなんだ","ui\00_message\quest\q80301060.gmd","\quest\q80301060.arc","q80301060.arc","35","Dean","Quest Dialogue"
"0","0","これはまたすごい作戦ですね
さすがはソネル様！","これはまたすごい作戦ですね
さすがはソネル様！","ui\00_message\quest\q80301060.gmd","\quest\q80301060.arc","q80301060.arc","37","Derek","Quest Dialogue"
"0","0","""わら""がたくさんある場所は
いくつか心当たりがありますから
仲間をかき集めて探しますよ","""わら""がたくさんある場所は
いくつか心当たりがありますから
仲間をかき集めて探しますよ","ui\00_message\quest\q80301060.gmd","\quest\q80301060.arc","q80301060.arc","39","Derek","Quest Dialogue"
"0","0","ソネル様の作戦に疑問を持つ兵などおりません
そうやってここまで戦ってきたのですから","ソネル様の作戦に疑問を持つ兵などおりません
そうやってここまで戦ってきたのですから","ui\00_message\quest\q80301060.gmd","\quest\q80301060.arc","q80301060.arc","40","Derek","Quest Dialogue"
"0","0","聞いただけで鳥肌が立ちそうな作戦ですね！","聞いただけで鳥肌が立ちそうな作戦ですね！","ui\00_message\quest\q80301060.gmd","\quest\q80301060.arc","q80301060.arc","41","Keik","Quest Dialogue"
"0","0","ただ私、ちょっとあの見た目が苦手なんです――
でも、なんとかがんばって集めたいと思います！","ただ私、ちょっとあの見た目が苦手なんです――
でも、なんとかがんばって集めたいと思います！","ui\00_message\quest\q80301060.gmd","\quest\q80301060.arc","q80301060.arc","42","Keik","Quest Dialogue"
"0","0","だだ、だいじょうぶです！
直接見ないようにすれば――","だだ、だいじょうぶです！
直接見ないようにすれば――","ui\00_message\quest\q80301060.gmd","\quest\q80301060.arc","q80301060.arc","43","Keik","Quest Dialogue"
"0","0","でも、それじゃあ
さすがに危ないでしょうか――","でも、それじゃあ
さすがに危ないでしょうか――","ui\00_message\quest\q80301060.gmd","\quest\q80301060.arc","q80301060.arc","44","Keik","Quest Dialogue"
"0","0","なにやらソネル様の様子が変なんだ","なにやらソネル様の様子が変なんだ","ui\00_message\quest\q80301060.gmd","\quest\q80301060.arc","q80301060.arc","45","Jasper","Quest Dialogue"
"0","0","理由を聞いても
「これ以上話すとキミのことから忘れそうだ」
とおっしゃるばかりで、俺にはどうにも――","理由を聞いても
「これ以上話すとキミのことから忘れそうだ」
とおっしゃるばかりで、俺にはどうにも――","ui\00_message\quest\q80301060.gmd","\quest\q80301060.arc","q80301060.arc","46","Jasper","Quest Dialogue"
"0","0","すまないけど、ソネル様の様子を
見てきてもらえないか？","すまないけど、ソネル様の様子を
見てきてもらえないか？","ui\00_message\quest\q80301060.gmd","\quest\q80301060.arc","q80301060.arc","47","Jasper","Quest Dialogue"
"0","0","なるほど、そういうことだったのか！
無事に事が済んで良かったよ","なるほど、そういうことだったのか！
無事に事が済んで良かったよ","ui\00_message\quest\q80301060.gmd","\quest\q80301060.arc","q80301060.arc","48","Jasper","Quest Dialogue"
"0","0","まぁ、作戦については
指示を受けた兵たちがなんとかするだろう","まぁ、作戦については
指示を受けた兵たちがなんとかするだろう","ui\00_message\quest\q80301060.gmd","\quest\q80301060.arc","q80301060.arc","49","Jasper","Quest Dialogue"
"0","0","あ、隊長じゃないか
もしかして、自分の部屋に
くつろぎに来たのかな？","あ、隊長じゃないか
もしかして、自分の部屋に
くつろぎに来たのかな？","ui\00_message\quest\q80301061.gmd","\quest\q80301061.arc","q80301061.arc","0","Sonel","Quest Dialogue"
"0","0","""あること""を研究中でね
隊長にも協力してもらえると助かるよ！","""あること""を研究中でね
隊長にも協力してもらえると助かるよ！","ui\00_message\quest\q80301061.gmd","\quest\q80301061.arc","q80301061.arc","2","Sonel","Quest Dialogue"
"0","0","さすがは隊長だ！
ではさっそく始めたいんだけど","さすがは隊長だ！
ではさっそく始めたいんだけど","ui\00_message\quest\q80301061.gmd","\quest\q80301061.arc","q80301061.arc","3","Sonel","Quest Dialogue"
"0","0","ちょっと準備もあるから
先に<SPOT 1093>へ向かってくれないかな 
ボクもすぐに出発するよ！","ちょっと準備もあるから
先に<SPOT 1093>へ向かってくれないかな 
ボクもすぐに出発するよ！","ui\00_message\quest\q80301061.gmd","\quest\q80301061.arc","q80301061.arc","4","Sonel","Quest Dialogue"
"0","0","隊長！　こっちこっち！
わざわざこんな所まですまないね！","隊長！　こっちこっち！
わざわざこんな所まですまないね！","ui\00_message\quest\q80301061.gmd","\quest\q80301061.arc","q80301061.arc","5","Sonel","Quest Dialogue"
"0","0","いろいろと実験してるうちに
手元にあるのがなくなってしまってね","いろいろと実験してるうちに
手元にあるのがなくなってしまってね","ui\00_message\quest\q80301061.gmd","\quest\q80301061.arc","q80301061.arc","7","Sonel","Quest Dialogue"
"0","0","隊長にも、探すのを手伝って欲しいんだ
この実験が成功すれば
計画も軌道に乗せられる","隊長にも、探すのを手伝って欲しいんだ
この実験が成功すれば
計画も軌道に乗せられる","ui\00_message\quest\q80301061.gmd","\quest\q80301061.arc","q80301061.arc","8","Sonel","Quest Dialogue"
"0","0","それじゃあ、よろしく頼んだよ！","それじゃあ、よろしく頼んだよ！","ui\00_message\quest\q80301061.gmd","\quest\q80301061.arc","q80301061.arc","9","Sonel","Quest Dialogue"
"0","0","よしよし、これだけあれば
なんとかなりそうだ！","よしよし、これだけあれば
なんとかなりそうだ！","ui\00_message\quest\q80301061.gmd","\quest\q80301061.arc","q80301061.arc","11","Sonel","Quest Dialogue"
"0","0","さっそくキャンプに戻って
実験再開だ！","さっそくキャンプに戻って
実験再開だ！","ui\00_message\quest\q80301061.gmd","\quest\q80301061.arc","q80301061.arc","12","Sonel","Quest Dialogue"
"0","0","ありがとう隊長！
遠慮なく、""自分の部屋""で
モフモフしてくれたまえ！","ありがとう隊長！
遠慮なく、""自分の部屋""で
モフモフしてくれたまえ！","ui\00_message\quest\q80301061.gmd","\quest\q80301061.arc","q80301061.arc","13","Sonel","Quest Dialogue"
"0","0","あ、隊長！
今、テレパシーを送っていたところさ！","あ、隊長！
今、テレパシーを送っていたところさ！","ui\00_message\quest\q80301062.gmd","\quest\q80301062.arc","q80301062.arc","0","Sonel","Quest Dialogue"
"0","0","ちょっと困ったことがあってね
<STG 1001>へ行こうと思うんだ","ちょっと困ったことがあってね
<STG 1001>へ行こうと思うんだ","ui\00_message\quest\q80301062.gmd","\quest\q80301062.arc","q80301062.arc","1","Sonel","Quest Dialogue"
"0","0","事が事だからね
隊長にも一緒に来てほしい","事が事だからね
隊長にも一緒に来てほしい","ui\00_message\quest\q80301062.gmd","\quest\q80301062.arc","q80301062.arc","2","Sonel","Quest Dialogue"
"0","0","""ある計画""に必要な情報があってね
それに関わる案件なんだ
<STG 1001> で待ってるよ","""ある計画""に必要な情報があってね
それに関わる案件なんだ
<STG 1001> で待ってるよ","ui\00_message\quest\q80301062.gmd","\quest\q80301062.arc","q80301062.arc","3","Sonel","Quest Dialogue"
"0","0","彼が昨日から戻って来ないんだ
今まで何の連絡もなしに
予定より遅れることはなかった","彼が昨日から戻って来ないんだ
今まで何の連絡もなしに
予定より遅れることはなかった","ui\00_message\quest\q80301062.gmd","\quest\q80301062.arc","q80301062.arc","5","Sonel","Quest Dialogue"
"0","0","もしもの時は――
ここで落ち合うことにしてるから
ボクはここに残らないといけない","もしもの時は――
ここで落ち合うことにしてるから
ボクはここに残らないといけない","ui\00_message\quest\q80301062.gmd","\quest\q80301062.arc","q80301062.arc","7","Sonel","Quest Dialogue"
"0","0","すまないが、隊長は
最後に目撃された場所へ向かって欲しい","すまないが、隊長は
最後に目撃された場所へ向かって欲しい","ui\00_message\quest\q80301062.gmd","\quest\q80301062.arc","q80301062.arc","8","Sonel","Quest Dialogue"
"0","0","こんなことを頼めるのは隊長しかいないんだ
厄介をかけるけど、頼んだよ","こんなことを頼めるのは隊長しかいないんだ
厄介をかけるけど、頼んだよ","ui\00_message\quest\q80301062.gmd","\quest\q80301062.arc","q80301062.arc","9","Sonel","Quest Dialogue"
"0","0","もしもの時は――
ここで落ち合うことにしてるから
ボクはここに残らないといけない","もしもの時は――
ここで落ち合うことにしてるから
ボクはここに残らないといけない","ui\00_message\quest\q80301062.gmd","\quest\q80301062.arc","q80301062.arc","10","Sonel","Quest Dialogue"
"0","0","すまないが、隊長は
最後に目撃された場所へ向かって欲しい","すまないが、隊長は
最後に目撃された場所へ向かって欲しい","ui\00_message\quest\q80301062.gmd","\quest\q80301062.arc","q80301062.arc","11","Sonel","Quest Dialogue"
"0","0","こんなことを頼めるのは隊長しかいないんだ
厄介をかけるけど、頼んだよ","こんなことを頼めるのは隊長しかいないんだ
厄介をかけるけど、頼んだよ","ui\00_message\quest\q80301062.gmd","\quest\q80301062.arc","q80301062.arc","12","Sonel","Quest Dialogue"
"0","0","あんたは――？
え、ソネル様の！
そうか、助かった","あんたは――？
え、ソネル様の！
そうか、助かった","ui\00_message\quest\q80301062.gmd","\quest\q80301062.arc","q80301062.arc","13","Dudley","Quest Dialogue"
"0","0","情報を手に入れたはいいが
敵に襲われてこのザマだ――","情報を手に入れたはいいが
敵に襲われてこのザマだ――","ui\00_message\quest\q80301062.gmd","\quest\q80301062.arc","q80301062.arc","14","Dudley","Quest Dialogue"
"0","0","追っ手が近くまで来ている
奴らをなんとかしてくれ！","追っ手が近くまで来ている
奴らをなんとかしてくれ！","ui\00_message\quest\q80301062.gmd","\quest\q80301062.arc","q80301062.arc","15","Dudley","Quest Dialogue"
"0","0","あんた腕が立つんだな！
さすが、ソネル様が寄越しただけのことはある
驚いたよ","あんた腕が立つんだな！
さすが、ソネル様が寄越しただけのことはある
驚いたよ","ui\00_message\quest\q80301062.gmd","\quest\q80301062.arc","q80301062.arc","16","Dudley","Quest Dialogue"
"0","0","奴らさえなんとかなれば後は一人で大丈夫だ","奴らさえなんとかなれば後は一人で大丈夫だ","ui\00_message\quest\q80301062.gmd","\quest\q80301062.arc","q80301062.arc","17","Dudley","Quest Dialogue"
"0","0","ソネル様に「""例の情報""が手に入った」
と伝えてくれ！
俺もすぐ戻る――ありがとよ！","ソネル様に「""例の情報""が手に入った」
と伝えてくれ！
俺もすぐ戻る――ありがとよ！","ui\00_message\quest\q80301062.gmd","\quest\q80301062.arc","q80301062.arc","18","Dudley","Quest Dialogue"
"0","0","そうか、敵の追っ手に――
奴らも相当必死ということか
隊長に頼んで正解だったよ","そうか、敵の追っ手に――
奴らも相当必死ということか
隊長に頼んで正解だったよ","ui\00_message\quest\q80301062.gmd","\quest\q80301062.arc","q80301062.arc","19","Sonel","Quest Dialogue"
"0","0","よし！　彼が持ち帰った情報と
研究中の土が完成すれば
アレの""品種改良""が可能なはずさ","よし！　彼が持ち帰った情報と
研究中の土が完成すれば
アレの""品種改良""が可能なはずさ","ui\00_message\quest\q80301062.gmd","\quest\q80301062.arc","q80301062.arc","20","Sonel","Quest Dialogue"
"0","0","火薬の爆発に耐える固さと小型化が伴えば
《熟成爆弾カボチャ》を使った
""あの計画""がようやく実現できる！","火薬の爆発に耐える固さと小型化が伴えば
《熟成爆弾カボチャ》を使った
""あの計画""がようやく実現できる！","ui\00_message\quest\q80301062.gmd","\quest\q80301062.arc","q80301062.arc","21","Sonel","Quest Dialogue"
"0","0","いやぁ、ありがとう隊長！
おかげで助かったよ！","いやぁ、ありがとう隊長！
おかげで助かったよ！","ui\00_message\quest\q80301062.gmd","\quest\q80301062.arc","q80301062.arc","22","Sonel","Quest Dialogue"
"0","0","覚者、ちょうどいいところに来てくれた――
緊急の頼みがある","覚者、ちょうどいいところに来てくれた――
緊急の頼みがある","ui\00_message\quest\q80301070.gmd","\quest\q80301070.arc","q80301070.arc","0","Mephis","Quest Dialogue"
"0","0","ついさっきのことだ
俺が留守にしていた時を狙ったのか
この屋敷に空き巣が入ったようだ――
<NPC 691>が目撃したらしい","ついさっきのことだ
俺が留守にしていた時を狙ったのか
この屋敷に空き巣が入ったようだ――
<NPC 691>が目撃したらしい","ui\00_message\quest\q80301070.gmd","\quest\q80301070.arc","q80301070.arc","1","Mephis","Quest Dialogue"
"0","0","奴が言うには、犯人は複数犯らしい
侯爵家の宝なんてものならまだしも、万が一
<NPC 681>の罪の痕跡を持ち出されたら
とんでもないことになる","奴が言うには、犯人は複数犯らしい
侯爵家の宝なんてものならまだしも、万が一
<NPC 681>の罪の痕跡を持ち出されたら
とんでもないことになる","ui\00_message\quest\q80301070.gmd","\quest\q80301070.arc","q80301070.arc","2","Mephis","Quest Dialogue"
"0","0","まだ遠くへは逃げていないはずだ
頼む、犯人捕獲に協力してくれ！","まだ遠くへは逃げていないはずだ
頼む、犯人捕獲に協力してくれ！","ui\00_message\quest\q80301070.gmd","\quest\q80301070.arc","q80301070.arc","3","Mephis","Quest Dialogue"
"0","0","この<STG 474>に盗みに入るとは
世間知らずの間抜けな泥棒か
何らかの意図を持って犯行に及んだ組織犯か――","この<STG 474>に盗みに入るとは
世間知らずの間抜けな泥棒か
何らかの意図を持って犯行に及んだ組織犯か――","ui\00_message\quest\q80301070.gmd","\quest\q80301070.arc","q80301070.arc","4","Mephis","Quest Dialogue"
"0","0","とにかく、追わないことには始まらない
用意は良いか？","とにかく、追わないことには始まらない
用意は良いか？","ui\00_message\quest\q80301070.gmd","\quest\q80301070.arc","q80301070.arc","5","Mephis","Quest Dialogue"
"0","0","はい","はい","ui\00_message\quest\q80301070.gmd","\quest\q80301070.arc","q80301070.arc","6","Mephis","Quest Dialogue"
"0","0","いいえ","いいえ","ui\00_message\quest\q80301070.gmd","\quest\q80301070.arc","q80301070.arc","7","Mephis","Quest Dialogue"
"0","0","泥棒どもはまだ
そう遠くには逃げていないはずだ
急いで捜索しよう","泥棒どもはまだ
そう遠くには逃げていないはずだ
急いで捜索しよう","ui\00_message\quest\q80301070.gmd","\quest\q80301070.arc","q80301070.arc","8","Mephis","Quest Dialogue"
"0","0","<NPC 691>が言うには
忍び込んだ奴らは、鎧下姿だったらしい
つまり――今は
鎧を着込んで変装している可能性がある","<NPC 691>が言うには
忍び込んだ奴らは、鎧下姿だったらしい
つまり――今は
鎧を着込んで変装している可能性がある","ui\00_message\quest\q80301070.gmd","\quest\q80301070.arc","q80301070.arc","9","Mephis","Quest Dialogue"
"0","0","挙動不審な怪しい兵士が、おそらく犯人だ
逃げられる前に、全員捕まえてくれ――
頼んだぞ","挙動不審な怪しい兵士が、おそらく犯人だ
逃げられる前に、全員捕まえてくれ――
頼んだぞ","ui\00_message\quest\q80301070.gmd","\quest\q80301070.arc","q80301070.arc","10","Mephis","Quest Dialogue"
"0","0","まさか、憲兵隊時代を忘れられない
憲兵どもの犯行だったとはな――","まさか、憲兵隊時代を忘れられない
憲兵どもの犯行だったとはな――","ui\00_message\quest\q80301070.gmd","\quest\q80301070.arc","q80301070.arc","11","Mephis","Quest Dialogue"
"0","0","大方、<NPC 681>の証拠を隠滅して
もう一度返り咲かせるつもりだったのだろう","大方、<NPC 681>の証拠を隠滅して
もう一度返り咲かせるつもりだったのだろう","ui\00_message\quest\q80301070.gmd","\quest\q80301070.arc","q80301070.arc","12","Mephis","Quest Dialogue"
"0","0","捜査は順調か？","捜査は順調か？","ui\00_message\quest\q80301070.gmd","\quest\q80301070.arc","q80301070.arc","16","Mephis","Quest Dialogue"
"0","0","まずい、もうあまり時間が無いぞ――","まずい、もうあまり時間が無いぞ――","ui\00_message\quest\q80301070.gmd","\quest\q80301070.arc","q80301070.arc","18","Mephis","Quest Dialogue"
"0","0","もうダメだ――手遅れだろう","もうダメだ――手遅れだろう","ui\00_message\quest\q80301070.gmd","\quest\q80301070.arc","q80301070.arc","19","Mephis","Quest Dialogue"
"0","0","よし
それじゃあ、<STG 461>で落ち合おう","よし
それじゃあ、<STG 461>で落ち合おう","ui\00_message\quest\q80301070.gmd","\quest\q80301070.arc","q80301070.arc","20","Mephis","Quest Dialogue"
"0","0","そうか――
準備ができたら、声をかけてくれ
あまり時間は無いぞ","そうか――
準備ができたら、声をかけてくれ
あまり時間は無いぞ","ui\00_message\quest\q80301070.gmd","\quest\q80301070.arc","q80301070.arc","21","Mephis","Quest Dialogue"
"0","0","泥棒どもはまだそう遠くへ行っていないはずだ
急いで捜索しよう","泥棒どもはまだそう遠くへ行っていないはずだ
急いで捜索しよう","ui\00_message\quest\q80301070.gmd","\quest\q80301070.arc","q80301070.arc","22","Mephis","Quest Dialogue"
"0","0","挙動不審な怪しい兵士が、おそらく犯人だ
逃げられる前に、全員捕まえてくれ――
頼んだぞ","挙動不審な怪しい兵士が、おそらく犯人だ
逃げられる前に、全員捕まえてくれ――
頼んだぞ","ui\00_message\quest\q80301070.gmd","\quest\q80301070.arc","q80301070.arc","24","Mephis","Quest Dialogue"
"0","0","泥棒はまだ、そう遠くは行っていないはずだ
<STG 461>を捜査しに行こう","泥棒はまだ、そう遠くは行っていないはずだ
<STG 461>を捜査しに行こう","ui\00_message\quest\q80301070.gmd","\quest\q80301070.arc","q80301070.arc","25","Mephis","Quest Dialogue"
"0","0","――――","――――","ui\00_message\quest\q80301070.gmd","\quest\q80301070.arc","q80301070.arc","26","Military Police","Quest Dialogue"
"0","0","――――
――","――――
――","ui\00_message\quest\q80301070.gmd","\quest\q80301070.arc","q80301070.arc","27","Military Police","Quest Dialogue"
"0","0","な、なんでしょうか――？","な、なんでしょうか――？","ui\00_message\quest\q80301070.gmd","\quest\q80301070.arc","q80301070.arc","28","Military Police","Quest Dialogue"
"0","0","――――","――――","ui\00_message\quest\q80301070.gmd","\quest\q80301070.arc","q80301070.arc","29","Military Police","Quest Dialogue"
"0","0","ひぃぃぃぃっ！！
すみません、勘弁してください！","ひぃぃぃぃっ！！
すみません、勘弁してください！","ui\00_message\quest\q80301070.gmd","\quest\q80301070.arc","q80301070.arc","30","Military Police","Quest Dialogue"
"0","0","先輩に脅されてやったんですぅぅ！
命だけは、勘弁して――","先輩に脅されてやったんですぅぅ！
命だけは、勘弁して――","ui\00_message\quest\q80301070.gmd","\quest\q80301070.arc","q80301070.arc","31","Military Police","Quest Dialogue"
"0","0","ひぃぃぃぃっ！！
すみません、勘弁してください！","ひぃぃぃぃっ！！
すみません、勘弁してください！","ui\00_message\quest\q80301070.gmd","\quest\q80301070.arc","q80301070.arc","32","Military Police","Quest Dialogue"
"0","0","先輩に脅されてやったんですぅぅ！
命だけは、勘弁して――","先輩に脅されてやったんですぅぅ！
命だけは、勘弁して――","ui\00_message\quest\q80301070.gmd","\quest\q80301070.arc","q80301070.arc","33","Military Police","Quest Dialogue"
"0","0","<STG 474>？
――あぁ、見た見た
あっちに逃げて行ったよ","<STG 474>？
――あぁ、見た見た
あっちに逃げて行ったよ","ui\00_message\quest\q80301070.gmd","\quest\q80301070.arc","q80301070.arc","34","Military Police","Quest Dialogue"
"0","0","――――","――――","ui\00_message\quest\q80301070.gmd","\quest\q80301070.arc","q80301070.arc","35","Military Police","Quest Dialogue"
"0","0","――――
――","――――
――","ui\00_message\quest\q80301070.gmd","\quest\q80301070.arc","q80301070.arc","36","Military Police","Quest Dialogue"
"0","0","あー、くそ！
だから俺は盗賊の変装して
侵入しようって言ったんだ！","あー、くそ！
だから俺は盗賊の変装して
侵入しようって言ったんだ！","ui\00_message\quest\q80301070.gmd","\quest\q80301070.arc","q80301070.arc","37","Military Police","Quest Dialogue"
"0","0","――――","――――","ui\00_message\quest\q80301070.gmd","\quest\q80301070.arc","q80301070.arc","40","Military Police","Quest Dialogue"
"0","0","――――","――――","ui\00_message\quest\q80301070.gmd","\quest\q80301070.arc","q80301070.arc","42","Military Police","Quest Dialogue"
"0","0","――――","――――","ui\00_message\quest\q80301070.gmd","\quest\q80301070.arc","q80301070.arc","44","Military Police","Quest Dialogue"
"0","0","あ、あんた――覚者さぁん！！
良いところに来たな！","あ、あんた――覚者さぁん！！
良いところに来たな！","ui\00_message\quest\q80301070.gmd","\quest\q80301070.arc","q80301070.arc","46","Basit","Quest Dialogue"
"0","0","大変なことがあってよぉ
この屋敷に――い、いいやとにかく
メフィスさんに聞いてくれ！","大変なことがあってよぉ
この屋敷に――い、いいやとにかく
メフィスさんに聞いてくれ！","ui\00_message\quest\q80301070.gmd","\quest\q80301070.arc","q80301070.arc","47","Basit","Quest Dialogue"
"0","0","ホント、いいところに来てくれたよ！
危うく俺が駆り出されるところだっ――","ホント、いいところに来てくれたよ！
危うく俺が駆り出されるところだっ――","ui\00_message\quest\q80301070.gmd","\quest\q80301070.arc","q80301070.arc","48","Basit","Quest Dialogue"
"0","0","――い、いいやとにかく
メフィスさんに聞いてくれ！
大変なことがあったんだよ！","――い、いいやとにかく
メフィスさんに聞いてくれ！
大変なことがあったんだよ！","ui\00_message\quest\q80301070.gmd","\quest\q80301070.arc","q80301070.arc","49","Basit","Quest Dialogue"
"0","0","よぉ、相棒――
ちょうど良いところに来てくれた","よぉ、相棒――
ちょうど良いところに来てくれた","ui\00_message\quest\q80301071.gmd","\quest\q80301071.arc","q80301071.arc","0","Mephis","Quest Dialogue"
"0","0","実は、<NPC 681>の部屋を改装しているんだが
ちょっとばかり、資材が足りなくてな
<STG 636>に質の良いのを手配しているから
取りに行こうと思ってる","実は、<NPC 681>の部屋を改装しているんだが
ちょっとばかり、資材が足りなくてな
<STG 636>に質の良いのを手配しているから
取りに行こうと思ってる","ui\00_message\quest\q80301071.gmd","\quest\q80301071.arc","q80301071.arc","1","Mephis","Quest Dialogue"
"0","0","よかったら、付き合ってくれないか？","よかったら、付き合ってくれないか？","ui\00_message\quest\q80301071.gmd","\quest\q80301071.arc","q80301071.arc","2","Mephis","Quest Dialogue"
"0","0","ありがとな
戦いでも諜報でもない、こんな雑務に
付き合ってくれて――","ありがとな
戦いでも諜報でもない、こんな雑務に
付き合ってくれて――","ui\00_message\quest\q80301071.gmd","\quest\q80301071.arc","q80301071.arc","3","Mephis","Quest Dialogue"
"0","0","それじゃあ、<STG 636>で落ち合おう
待ってるぞ","それじゃあ、<STG 636>で落ち合おう
待ってるぞ","ui\00_message\quest\q80301071.gmd","\quest\q80301071.arc","q80301071.arc","4","Mephis","Quest Dialogue"
"0","0","困ったな――","困ったな――","ui\00_message\quest\q80301071.gmd","\quest\q80301071.arc","q80301071.arc","5","Mephis","Quest Dialogue"
"0","0","――おお、来たか相棒
迷わず来られたか？","――おお、来たか相棒
迷わず来られたか？","ui\00_message\quest\q80301071.gmd","\quest\q80301071.arc","q80301071.arc","6","Mephis","Quest Dialogue"
"0","0","――実はな
ちょうど資材の採取場辺りで
オークとの戦闘があったようで
搬入が遅れているらしい","――実はな
ちょうど資材の採取場辺りで
オークとの戦闘があったようで
搬入が遅れているらしい","ui\00_message\quest\q80301071.gmd","\quest\q80301071.arc","q80301071.arc","7","Mephis","Quest Dialogue"
"0","0","だが――
あれが無いと、改装作業が進まないんだ","だが――
あれが無いと、改装作業が進まないんだ","ui\00_message\quest\q80301071.gmd","\quest\q80301071.arc","q80301071.arc","8","Mephis","Quest Dialogue"
"0","0","なぁ覚者、もし良かったらでいいんだが――
資材が余っていたら、分けてくれないか？","なぁ覚者、もし良かったらでいいんだが――
資材が余っていたら、分けてくれないか？","ui\00_message\quest\q80301071.gmd","\quest\q80301071.arc","q80301071.arc","9","Mephis","Quest Dialogue"
"0","0","ちょうど資材の採取場辺りで
オークとの戦闘があったようで
搬入が遅れているらしい","ちょうど資材の採取場辺りで
オークとの戦闘があったようで
搬入が遅れているらしい","ui\00_message\quest\q80301071.gmd","\quest\q80301071.arc","q80301071.arc","10","Mephis","Quest Dialogue"
"0","0","もし資材が余っていたら
分けてくれると助かるんだが――","もし資材が余っていたら
分けてくれると助かるんだが――","ui\00_message\quest\q80301071.gmd","\quest\q80301071.arc","q80301071.arc","11","Mephis","Quest Dialogue"
"0","0","おい、これ――
本当に良いのか？","おい、これ――
本当に良いのか？","ui\00_message\quest\q80301071.gmd","\quest\q80301071.arc","q80301071.arc","12","Mephis","Quest Dialogue"
"0","0","ははっ――これで改装作業が進むぞ
ありがとうな、相棒！
お前のおかげで<STG 474>は生まれ変わるぞ","ははっ――これで改装作業が進むぞ
ありがとうな、相棒！
お前のおかげで<STG 474>は生まれ変わるぞ","ui\00_message\quest\q80301071.gmd","\quest\q80301071.arc","q80301071.arc","13","Mephis","Quest Dialogue"
"0","0","と、言ってもいつになるかは分からんが――
気長に待っててくれよな","と、言ってもいつになるかは分からんが――
気長に待っててくれよな","ui\00_message\quest\q80301071.gmd","\quest\q80301071.arc","q80301071.arc","14","Mephis","Quest Dialogue"
"0","0","相棒――良い所に来たな！
少し気になることがあってな","相棒――良い所に来たな！
少し気になることがあってな","ui\00_message\quest\q80301072.gmd","\quest\q80301072.arc","q80301072.arc","0","Mephis","Quest Dialogue"
"0","0","実は、<STG 133>へ資材調達に行った
<NPC 691>の帰りが遅すぎるんだ
アイツのことだ
どこかで道草食っているんだろうが――","実は、<STG 133>へ資材調達に行った
<NPC 691>の帰りが遅すぎるんだ
アイツのことだ
どこかで道草食っているんだろうが――","ui\00_message\quest\q80301072.gmd","\quest\q80301072.arc","q80301072.arc","1","Mephis","Quest Dialogue"
"0","0","万一のことがあっては困る
一緒に探しに行ってくれないか？","万一のことがあっては困る
一緒に探しに行ってくれないか？","ui\00_message\quest\q80301072.gmd","\quest\q80301072.arc","q80301072.arc","2","Mephis","Quest Dialogue"
"0","0","やっぱり、お前は頼りになるよ","やっぱり、お前は頼りになるよ","ui\00_message\quest\q80301072.gmd","\quest\q80301072.arc","q80301072.arc","3","Mephis","Quest Dialogue"
"0","0","それじゃあ、出かける準備を済ませてくれ
<STG 461>の入口で落ち合おう","それじゃあ、出かける準備を済ませてくれ
<STG 461>の入口で落ち合おう","ui\00_message\quest\q80301072.gmd","\quest\q80301072.arc","q80301072.arc","4","Mephis","Quest Dialogue"
"0","0","――来たか","――来たか","ui\00_message\quest\q80301072.gmd","\quest\q80301072.arc","q80301072.arc","5","Mephis","Quest Dialogue"
"0","0","近くに大きな危険はないはずだから
二手に分かれて捜索しよう","近くに大きな危険はないはずだから
二手に分かれて捜索しよう","ui\00_message\quest\q80301072.gmd","\quest\q80301072.arc","q80301072.arc","6","Mephis","Quest Dialogue"
"0","0","俺はメガド内の<NPC 691>が
よく行く場所を当たってみる
お前は、街の周辺を探してみてくれ","俺はメガド内の<NPC 691>が
よく行く場所を当たってみる
お前は、街の周辺を探してみてくれ","ui\00_message\quest\q80301072.gmd","\quest\q80301072.arc","q80301072.arc","7","Mephis","Quest Dialogue"
"0","0","近くに大きな危険はないはずだから
二手に分かれて捜索しよう","近くに大きな危険はないはずだから
二手に分かれて捜索しよう","ui\00_message\quest\q80301072.gmd","\quest\q80301072.arc","q80301072.arc","8","Mephis","Quest Dialogue"
"0","0","俺はメガド内の<NPC 691>が
よく行く場所を当たってみる
お前は、街の周辺を探してみてくれ","俺はメガド内の<NPC 691>が
よく行く場所を当たってみる
お前は、街の周辺を探してみてくれ","ui\00_message\quest\q80301072.gmd","\quest\q80301072.arc","q80301072.arc","9","Mephis","Quest Dialogue"
"0","0","あ、あんたは――覚者さん！？","あ、あんたは――覚者さん！？","ui\00_message\quest\q80301072.gmd","\quest\q80301072.arc","q80301072.arc","10","Basit","Quest Dialogue"
"0","0","絶妙なタイミングで来てくれたな！
メガドの周りにオークの残党が潜んでたみたいで
散歩してたら、
うっかり鉢合わせちまったんだ！","絶妙なタイミングで来てくれたな！
メガドの周りにオークの残党が潜んでたみたいで
散歩してたら、
うっかり鉢合わせちまったんだ！","ui\00_message\quest\q80301072.gmd","\quest\q80301072.arc","q80301072.arc","11","Basit","Quest Dialogue"
"0","0","で、今追いかけまわされてるってワケ――","で、今追いかけまわされてるってワケ――","ui\00_message\quest\q80301072.gmd","\quest\q80301072.arc","q80301072.arc","12","Basit","Quest Dialogue"
"0","0","って、ホラ！
噂をすればまた来たぞ！","って、ホラ！
噂をすればまた来たぞ！","ui\00_message\quest\q80301072.gmd","\quest\q80301072.arc","q80301072.arc","13","Basit","Quest Dialogue"
"0","0","いやー、助かった――
まさか覚者さん、あんたが来てくれるとはな
まさに、""ヒーロー！""って感じだったぜ","いやー、助かった――
まさか覚者さん、あんたが来てくれるとはな
まさに、""ヒーロー！""って感じだったぜ","ui\00_message\quest\q80301072.gmd","\quest\q80301072.arc","q80301072.arc","14","Basit","Quest Dialogue"
"0","0","で、なんでここに？","で、なんでここに？","ui\00_message\quest\q80301072.gmd","\quest\q80301072.arc","q80301072.arc","15","Basit","Quest Dialogue"
"0","0","へ――メフィスが？
ひぇ！！","へ――メフィスが？
ひぇ！！","ui\00_message\quest\q80301072.gmd","\quest\q80301072.arc","q80301072.arc","16","Basit","Quest Dialogue"
"0","0","お、俺はちゃんと資材集めてたって！
その――ちょっと足をくじいちまったんで
休んでたんだよ
な、メフィスにそう伝えてくれよ","お、俺はちゃんと資材集めてたって！
その――ちょっと足をくじいちまったんで
休んでたんだよ
な、メフィスにそう伝えてくれよ","ui\00_message\quest\q80301072.gmd","\quest\q80301072.arc","q80301072.arc","17","Basit","Quest Dialogue"
"0","0","頼むぜ！","頼むぜ！","ui\00_message\quest\q80301072.gmd","\quest\q80301072.arc","q80301072.arc","18","Basit","Quest Dialogue"
"0","0","メガドにはいないようだった――
そっちはどうだ？","メガドにはいないようだった――
そっちはどうだ？","ui\00_message\quest\q80301072.gmd","\quest\q80301072.arc","q80301072.arc","19","Mephis","Quest Dialogue"
"0","0","なっ――
足をくじいただと？
あのバカ！","なっ――
足をくじいただと？
あのバカ！","ui\00_message\quest\q80301072.gmd","\quest\q80301072.arc","q80301072.arc","20","Mephis","Quest Dialogue"
"0","0","全く、手のかかる奴だな――
だが無事なことは分かって良かったな","全く、手のかかる奴だな――
だが無事なことは分かって良かったな","ui\00_message\quest\q80301072.gmd","\quest\q80301072.arc","q80301072.arc","21","Mephis","Quest Dialogue"
"0","0","手伝ってくれて、助かった
――これに懲りず、また訪ねてくれよ","手伝ってくれて、助かった
――これに懲りず、また訪ねてくれよ","ui\00_message\quest\q80301072.gmd","\quest\q80301072.arc","q80301072.arc","22","Mephis","Quest Dialogue"
"0","0","北部のオークどもに動きがあったようだ――
お前も戦に備えて準備してくれ","北部のオークどもに動きがあったようだ――
お前も戦に備えて準備してくれ","ui\00_message\quest\q90000101.gmd","\quest\q90000101.arc","q90000101.arc","0","Alan","Quest Dialogue"
"0","0","オークとの戦争がはじまったなら
再度、私の元に訪れてエントリー
しにきてくれ","オークとの戦争がはじまったなら
再度、私の元に訪れてエントリー
しにきてくれ","ui\00_message\quest\q90000101.gmd","\quest\q90000101.arc","q90000101.arc","1","Alan","Quest Dialogue"
"0","0","グリッテン砦にて戦争が始まるみたいです
レスタニアニュースで確認くださいね","グリッテン砦にて戦争が始まるみたいです
レスタニアニュースで確認くださいね","ui\00_message\quest\q90000101.gmd","\quest\q90000101.arc","q90000101.arc","2","Seneka","Quest Dialogue"
"0","0","詳しい情報は《中央広場》にいる白衛騎士団の
アランさんをお訪ねください","詳しい情報は《中央広場》にいる白衛騎士団の
アランさんをお訪ねください","ui\00_message\quest\q90000101.gmd","\quest\q90000101.arc","q90000101.arc","3","Seneka","Quest Dialogue"
"0","0","グリッテン砦で戦争が始まるらしいですわ
弟は大丈夫かしら、心配だわ","グリッテン砦で戦争が始まるらしいですわ
弟は大丈夫かしら、心配だわ","ui\00_message\quest\q90000101.gmd","\quest\q90000101.arc","q90000101.arc","4","Hilde","Quest Dialogue"
"0","0","まもなく砦で戦がはじまるって本当ですか！？
あー私も覚者さまのようになって
戦場を駆け抜けてみたいな","まもなく砦で戦がはじまるって本当ですか！？
あー私も覚者さまのようになって
戦場を駆け抜けてみたいな","ui\00_message\quest\q90000101.gmd","\quest\q90000101.arc","q90000101.arc","5","Cameron","Quest Dialogue"
"0","0","もうすぐグリッテンで戦がはじまるそうだ
戦場ではとにかく気を抜くなよ","もうすぐグリッテンで戦がはじまるそうだ
戦場ではとにかく気を抜くなよ","ui\00_message\quest\q90000101.gmd","\quest\q90000101.arc","q90000101.arc","6","Archibald","Quest Dialogue"
"0","0","オークの奴らめ
何度攻め入ろうとも無駄なこと
次も返り討ちにしてくれる","オークの奴らめ
何度攻め入ろうとも無駄なこと
次も返り討ちにしてくれる","ui\00_message\quest\q90000101.gmd","\quest\q90000101.arc","q90000101.arc","7","Vanessa","Quest Dialogue"
"0","0","ヒルデ姉さんには無理するなといわれているけれど
次の戦で戦果を上げて昇進したいと思っているんだ","ヒルデ姉さんには無理するなといわれているけれど
次の戦で戦果を上げて昇進したいと思っているんだ","ui\00_message\quest\q90000101.gmd","\quest\q90000101.arc","q90000101.arc","8","Dikka","Quest Dialogue"
"0","0","戦は稼ぎ時でもあるんだ――
思い切って投資すれば
それだけ得られるものも大きいぞ","戦は稼ぎ時でもあるんだ――
思い切って投資すれば
それだけ得られるものも大きいぞ","ui\00_message\quest\q90000101.gmd","\quest\q90000101.arc","q90000101.arc","9","Ridley","Quest Dialogue"
"0","0","グリッテン砦の防衛は
バートランド平原でも重要な任務だ","グリッテン砦の防衛は
バートランド平原でも重要な任務だ","ui\00_message\quest\q90000101.gmd","\quest\q90000101.arc","q90000101.arc","10","Scherzo","Quest Dialogue"
"0","0","優秀な戦果を収めたものには
それに応じた報酬も与えられるので
ぜひ防衛隊に参加してくれ","優秀な戦果を収めたものには
それに応じた報酬も与えられるので
ぜひ防衛隊に参加してくれ","ui\00_message\quest\q90000101.gmd","\quest\q90000101.arc","q90000101.arc","11","Scherzo","Quest Dialogue"
"0","0","オークどもがついにグリッテン砦に攻めてきたぞ！
覚者は防衛隊に参加し砦を守ってくれ","オークどもがついにグリッテン砦に攻めてきたぞ！
覚者は防衛隊に参加し砦を守ってくれ","ui\00_message\quest\q90000102.gmd","\quest\q90000102.arc","q90000102.arc","0","Alan","Quest Dialogue"
"0","0","挑める準備ができてるなら
さっそくミッションエントリーしてみてくれ","挑める準備ができてるなら
さっそくミッションエントリーしてみてくれ","ui\00_message\quest\q90000102.gmd","\quest\q90000102.arc","q90000102.arc","1","Alan","Quest Dialogue"
"0","0","また自分の成果がどの程度なのかは
神殿内の各所にあるランキングボードを
確認するといい","また自分の成果がどの程度なのかは
神殿内の各所にあるランキングボードを
確認するといい","ui\00_message\quest\q90000102.gmd","\quest\q90000102.arc","q90000102.arc","2","Alan","Quest Dialogue"
"0","0","ついに開戦したみたいです
気を付けて立派に戦ってきてください","ついに開戦したみたいです
気を付けて立派に戦ってきてください","ui\00_message\quest\q90000102.gmd","\quest\q90000102.arc","q90000102.arc","3","Seneka","Quest Dialogue"
"0","0","詳しい情報はレスタニアニュースを
確認の上、《中央広場》にいる覚者隊の
アランさんをお訪ねください","詳しい情報はレスタニアニュースを
確認の上、《中央広場》にいる覚者隊の
アランさんをお訪ねください","ui\00_message\quest\q90000102.gmd","\quest\q90000102.arc","q90000102.arc","4","Seneka","Quest Dialogue"
"0","0","覚者さま、弟を戦場で見かけた時は
どうか、そのお力でお守りくださいませ","覚者さま、弟を戦場で見かけた時は
どうか、そのお力でお守りくださいませ","ui\00_message\quest\q90000102.gmd","\quest\q90000102.arc","q90000102.arc","5","Hilde","Quest Dialogue"
"0","0","覚者さま、ついに戦が始まったって聞きました
ご武運をお祈りしていますね！","覚者さま、ついに戦が始まったって聞きました
ご武運をお祈りしていますね！","ui\00_message\quest\q90000102.gmd","\quest\q90000102.arc","q90000102.arc","6","Cameron","Quest Dialogue"
"0","0","グリッテンの戦況はよく確認して向かうのだ
そうすれば色々見えてくるものもあるだろう
活躍を期待しているぞ","グリッテンの戦況はよく確認して向かうのだ
そうすれば色々見えてくるものもあるだろう
活躍を期待しているぞ","ui\00_message\quest\q90000102.gmd","\quest\q90000102.arc","q90000102.arc","7","Archibald","Quest Dialogue"
"0","0","オーク相手に情けは無用だ
魔物もろとも斬り捨ててくれる","オーク相手に情けは無用だ
魔物もろとも斬り捨ててくれる","ui\00_message\quest\q90000102.gmd","\quest\q90000102.arc","q90000102.arc","8","Vanessa","Quest Dialogue"
"0","0","君、強そうだね
僕の隊で一緒に戦ってくれよ","君、強そうだね
僕の隊で一緒に戦ってくれよ","ui\00_message\quest\q90000102.gmd","\quest\q90000102.arc","q90000102.arc","9","Dikka","Quest Dialogue"
"0","0","凶悪な魔物は討伐評価も高くなる
倒せる自信があるなら
強敵との遭遇は幸運と捉えるべきだな","凶悪な魔物は討伐評価も高くなる
倒せる自信があるなら
強敵との遭遇は幸運と捉えるべきだな","ui\00_message\quest\q90000102.gmd","\quest\q90000102.arc","q90000102.arc","10","Ridley","Quest Dialogue"
"0","0","この戦いで戦果をあげることによって
バートランド平原のエリアポイントも
得ることができる","この戦いで戦果をあげることによって
バートランド平原のエリアポイントも
得ることができる","ui\00_message\quest\q90000102.gmd","\quest\q90000102.arc","q90000102.arc","11","Scherzo","Quest Dialogue"
"0","0","頑張って奮戦してくれ","頑張って奮戦してくれ","ui\00_message\quest\q90000102.gmd","\quest\q90000102.arc","q90000102.arc","12","Scherzo","Quest Dialogue"
"0","0","何とか砦を守り切れたな
今は各位の戦果を確認中だ","何とか砦を守り切れたな
今は各位の戦果を確認中だ","ui\00_message\quest\q90000103.gmd","\quest\q90000103.arc","q90000103.arc","0","Alan","Quest Dialogue"
"0","0","報酬は後に与えられる
確認が終わるまで待っていてくれ","報酬は後に与えられる
確認が終わるまで待っていてくれ","ui\00_message\quest\q90000103.gmd","\quest\q90000103.arc","q90000103.arc","1","Alan","Quest Dialogue"
"0","0","オーク軍を退けることができたみたいですね","オーク軍を退けることができたみたいですね","ui\00_message\quest\q90000103.gmd","\quest\q90000103.arc","q90000103.arc","2","Seneka","Quest Dialogue"
"0","0","グリッテンの戦も落ち着いたようですわね
弟も無事でなによりです","グリッテンの戦も落ち着いたようですわね
弟も無事でなによりです","ui\00_message\quest\q90000103.gmd","\quest\q90000103.arc","q90000103.arc","3","Hilde","Quest Dialogue"
"0","0","お怪我はありませんか！？
覚者さまやみんなのおかげで敵を撃退できたこと
すごくうれしく思います――","お怪我はありませんか！？
覚者さまやみんなのおかげで敵を撃退できたこと
すごくうれしく思います――","ui\00_message\quest\q90000103.gmd","\quest\q90000103.arc","q90000103.arc","4","Cameron","Quest Dialogue"
"0","0","敵を撃退できて何よりだ
戦場を共にに切り抜けた仲間と
肩を並べて飲む一杯は格別だ！","敵を撃退できて何よりだ
戦場を共にに切り抜けた仲間と
肩を並べて飲む一杯は格別だ！","ui\00_message\quest\q90000103.gmd","\quest\q90000103.arc","q90000103.arc","5","Archibald","Quest Dialogue"
"0","0","よく頑張ってくれた
皆のおかげで撃退できたのだ
感謝する","よく頑張ってくれた
皆のおかげで撃退できたのだ
感謝する","ui\00_message\quest\q90000103.gmd","\quest\q90000103.arc","q90000103.arc","6","Vanessa","Quest Dialogue"
"0","0","はぁーなんとか無事だったけれど
活躍どころじゃなかったよ","はぁーなんとか無事だったけれど
活躍どころじゃなかったよ","ui\00_message\quest\q90000103.gmd","\quest\q90000103.arc","q90000103.arc","7","Dikka","Quest Dialogue"
"0","0","俺がコツコツ稼いだところで
強い奴等は一度の戦いで
1年分は稼いでいっちまうんだ","俺がコツコツ稼いだところで
強い奴等は一度の戦いで
1年分は稼いでいっちまうんだ","ui\00_message\quest\q90000103.gmd","\quest\q90000103.arc","q90000103.arc","8","Ridley","Quest Dialogue"
"0","0","どうだ、戦果は期待できそうか？
俺の活躍も副隊長の目にとまってくれていると
いいんだが――","どうだ、戦果は期待できそうか？
俺の活躍も副隊長の目にとまってくれていると
いいんだが――","ui\00_message\quest\q90000103.gmd","\quest\q90000103.arc","q90000103.arc","9","Scherzo","Quest Dialogue"
"0","0","グリッテン砦防衛の功績に対し報酬が出ているぞ
各位、保管ボックスより受け取ってくれ","グリッテン砦防衛の功績に対し報酬が出ているぞ
各位、保管ボックスより受け取ってくれ","ui\00_message\quest\q90000104.gmd","\quest\q90000104.arc","q90000104.arc","0","Alan","Quest Dialogue"
"0","0","防衛隊に参加してくれたものだな
こたびの協力に感謝する――
報酬を受け取ってくれ","防衛隊に参加してくれたものだな
こたびの協力に感謝する――
報酬を受け取ってくれ","ui\00_message\quest\q90000104.gmd","\quest\q90000104.arc","q90000104.arc","1","Alan","Quest Dialogue"
"0","0","戦果に応じた報酬が出ているみたいです
レスタニアニュースにて確認くださいね","戦果に応じた報酬が出ているみたいです
レスタニアニュースにて確認くださいね","ui\00_message\quest\q90000104.gmd","\quest\q90000104.arc","q90000104.arc","2","Seneka","Quest Dialogue"
